airline.name,departure.airport,arrival.airport,day_of_week,month,departure_hour,scheduled_duration,is_delayed
187,213,125,4,5,1,95.0,0
208,78,33,3,4,20,144.0,0
208,99,149,3,4,18,287.0,0
208,312,375,3,4,19,79.0,0
208,274,109,3,4,19,96.0,0
208,185,375,3,4,19,121.0,0
208,152,255,3,4,18,123.0,0
208,312,255,3,4,18,106.0,0
208,78,311,3,4,17,203.0,0
208,23,57,3,4,17,72.0,0
208,141,304,3,4,16,70.0,0
208,141,302,3,4,16,69.0,0
208,78,288,3,4,16,151.0,0
208,99,382,3,4,15,170.0,0
208,334,255,3,4,17,111.0,0
208,352,57,3,4,17,88.0,0
208,348,57,3,4,15,78.0,0
208,388,57,3,4,16,16.0,0
208,78,139,3,4,16,151.0,0
208,78,153,3,4,15,119.0,0
208,78,82,3,4,15,74.0,0
208,78,242,3,4,15,130.0,0
208,78,69,3,4,15,68.0,0
208,99,376,3,4,14,172.0,0
208,28,57,3,4,15,77.0,0
208,325,57,3,4,15,80.0,0
53,231,263,3,4,21,30.0,0
208,99,69,3,4,13,204.0,0
208,99,107,3,4,13,217.0,0
208,142,57,3,4,15,14.0,0
208,149,57,3,4,14,72.0,0
208,185,255,3,4,15,111.0,0
208,141,382,3,4,14,100.0,0
208,388,57,3,4,15,15.0,0
53,313,192,3,4,20,30.0,0
208,169,57,3,4,14,131.0,0
208,152,57,3,4,14,78.0,0
208,83,255,3,4,14,129.0,0
208,273,57,3,4,13,125.0,0
208,209,57,3,4,14,125.0,0
208,348,57,3,4,13,78.0,0
208,78,382,3,4,14,159.0,0
208,78,295,3,4,13,74.0,0
208,78,345,3,4,13,182.0,0
3,90,112,3,4,19,95.0,0
208,28,57,3,4,13,85.0,0
208,405,57,3,4,14,83.0,0
208,305,285,3,4,15,92.0,0
208,239,57,3,4,14,85.0,0
208,9,57,3,4,14,71.0,0
208,150,57,3,4,13,71.0,0
205,282,203,3,4,17,85.0,0
208,78,288,3,4,12,151.0,0
208,78,285,3,4,12,161.0,0
208,205,57,3,4,13,110.0,0
208,446,57,3,4,12,140.0,0
208,350,57,3,4,12,206.0,0
208,23,57,3,4,14,72.0,0
208,116,57,3,4,12,86.0,0
208,205,255,3,4,12,241.0,0
227,423,286,3,4,7,82.0,0
208,336,255,3,4,12,92.0,0
208,336,109,3,4,12,146.0,0
208,390,57,3,4,11,110.0,0
205,346,271,3,4,16,155.0,0
205,357,271,3,4,14,235.0,0
205,323,230,3,4,19,145.0,0
208,334,57,3,4,12,86.0,0
120,308,337,3,4,19,135.0,0
208,142,57,3,4,12,17.0,0
208,86,57,3,4,11,90.0,0
208,359,297,3,4,9,81.0,0
208,350,57,3,4,9,206.0,0
95,65,269,3,4,17,125.0,0
208,325,57,3,4,10,85.0,0
115,419,15,3,4,16,30.0,0
208,292,255,3,4,11,123.0,0
208,169,57,3,4,10,136.0,0
208,312,57,3,4,12,102.0,0
208,78,169,3,4,10,264.0,0
208,190,57,3,4,11,30.0,0
208,28,57,3,4,10,77.0,0
208,359,304,3,4,8,346.0,0
208,359,303,3,4,8,188.0,0
168,121,142,3,4,9,65.0,0
182,73,28,3,4,14,165.0,0
208,205,57,3,4,9,110.0,0
208,190,375,3,4,10,93.0,0
208,458,57,3,4,10,62.0,0
208,405,57,3,4,10,80.0,0
54,112,132,3,4,6,125.0,0
128,453,60,3,4,14,130.0,0
127,453,60,3,4,14,130.0,0
208,251,57,3,4,10,69.0,0
208,70,97,3,4,9,75.0,0
183,70,97,3,4,9,75.0,0
34,70,97,3,4,9,75.0,0
220,124,243,3,4,8,60.0,1
19,37,317,3,4,14,145.0,0
88,334,231,3,4,4,77.0,0
208,288,57,3,4,10,20.0,0
116,188,125,3,4,16,80.0,0
208,56,375,3,4,10,80.0,0
208,427,57,3,4,7,345.0,0
208,428,57,3,4,9,127.0,0
115,202,15,3,4,16,75.0,1
208,100,57,3,4,10,94.0,0
208,49,57,3,4,8,281.0,0
208,150,57,3,4,10,74.0,0
108,44,25,3,4,9,70.0,0
34,137,100,3,4,16,45.0,0
227,153,53,3,4,4,36.0,0
4,192,54,3,4,16,70.0,0
208,305,285,3,4,10,94.0,0
208,252,109,3,4,9,103.0,0
208,141,233,3,4,9,106.0,0
208,18,209,3,4,7,121.0,0
222,73,317,3,4,13,150.0,0
75,129,183,3,4,8,60.0,0
19,73,138,3,4,13,175.0,0
219,355,372,3,4,9,35.0,0
10,381,110,3,4,9,81.0,0
25,289,373,3,4,8,60.0,1
136,452,377,3,4,14,70.0,0
141,168,97,3,4,8,155.0,0
39,168,52,3,4,8,135.0,0
168,168,52,3,4,8,135.0,0
208,281,305,3,4,8,56.0,0
116,294,125,3,4,16,110.0,0
116,175,125,3,4,16,90.0,0
116,188,125,3,4,15,80.0,1
227,459,303,3,4,1,111.0,0
206,126,89,3,4,10,75.0,0
202,167,76,3,4,14,90.0,0
167,172,37,3,4,16,135.0,0
88,271,32,3,4,2,66.0,0
105,296,266,3,4,16,55.0,0
52,221,338,3,4,14,120.0,0
67,73,50,3,4,15,115.0,0
66,73,50,3,4,15,115.0,0
222,73,50,3,4,15,115.0,0
68,73,50,3,4,15,115.0,0
167,391,344,3,4,17,60.0,0
167,63,344,3,4,17,60.0,1
167,179,44,3,4,17,105.0,0
155,134,313,3,4,9,70.0,0
208,134,313,3,4,9,70.0,0
17,134,313,3,4,9,70.0,0
77,2,284,3,4,0,205.0,0
68,456,358,3,4,15,90.0,0
123,263,251,3,4,16,95.0,0
204,394,52,3,4,7,130.0,1
141,70,98,3,4,9,90.0,1
1,70,98,3,4,9,90.0,1
22,70,313,3,4,8,80.0,1
111,70,313,3,4,8,80.0,1
214,70,313,3,4,8,80.0,1
66,70,313,3,4,8,80.0,1
129,70,313,3,4,8,80.0,1
97,70,313,3,4,8,80.0,1
77,70,313,3,4,8,80.0,1
65,70,313,3,4,8,80.0,1
20,70,313,3,4,8,80.0,1
61,364,216,3,4,15,65.0,0
88,305,375,3,4,3,76.0,0
167,403,48,3,4,17,60.0,0
167,63,344,3,4,17,60.0,0
181,73,120,3,4,14,150.0,0
167,444,2,3,4,17,55.0,0
227,171,336,3,4,0,107.0,0
228,224,183,3,4,7,40.0,0
98,42,260,3,4,8,75.0,0
62,310,183,3,4,8,30.0,1
116,188,125,3,4,16,80.0,0
116,215,125,3,4,16,90.0,0
167,275,225,3,4,17,75.0,1
39,168,313,3,4,8,140.0,0
146,168,313,3,4,8,140.0,0
121,168,313,3,4,8,140.0,0
168,168,313,3,4,8,140.0,0
116,168,313,3,4,8,140.0,0
170,433,128,3,4,9,70.0,1
167,255,363,3,4,17,60.0,0
78,407,315,3,4,15,65.0,0
191,395,17,3,4,7,255.0,0
202,167,76,3,4,13,85.0,1
116,213,125,3,4,15,100.0,0
3,146,79,3,4,8,75.0,0
208,348,57,3,4,8,77.0,0
100,206,138,3,4,15,95.0,0
19,73,151,3,4,14,145.0,0
203,73,151,3,4,14,145.0,0
67,73,151,3,4,14,145.0,0
181,73,151,3,4,14,145.0,0
228,219,353,3,4,6,60.0,1
212,140,244,3,4,9,81.0,0
208,134,393,3,4,9,55.0,0
194,134,393,3,4,9,55.0,0
17,134,393,3,4,9,55.0,0
225,272,158,3,4,4,150.0,0
96,379,3,3,4,1,180.0,0
40,274,210,3,4,2,74.0,0
115,321,360,3,4,15,25.0,0
219,229,31,3,4,9,84.0,0
116,317,125,3,4,16,110.0,0
156,359,297,3,4,0,63.0,0
116,79,125,3,4,16,105.0,0
19,414,320,3,4,12,230.0,0
207,361,197,3,4,0,114.0,0
61,133,75,3,4,15,80.0,0
161,84,344,3,4,16,97.0,0
186,441,253,3,4,19,50.0,0
172,363,321,3,4,9,85.0,0
34,217,101,3,4,16,95.0,0
116,137,125,3,4,16,110.0,0
115,14,172,3,4,15,20.0,0
219,240,34,3,4,9,28.0,0
116,161,147,3,4,16,65.0,0
208,46,57,3,4,10,37.0,0
58,178,6,3,4,3,49.0,0
63,351,287,3,4,3,40.0,0
222,80,189,3,4,15,85.0,0
182,80,189,3,4,15,85.0,0
67,80,189,3,4,15,85.0,0
140,80,189,3,4,15,85.0,0
68,80,189,3,4,15,85.0,0
53,136,115,3,4,8,40.0,0
185,55,292,3,4,8,85.0,0
214,70,393,3,4,8,75.0,0
14,70,393,3,4,8,75.0,0
52,221,339,3,4,14,65.0,0
116,295,125,3,4,14,150.0,1
116,161,18,3,4,16,70.0,0
116,161,361,3,4,15,75.0,0
172,404,321,3,4,9,115.0,0
105,158,266,3,4,15,40.0,0
127,64,189,3,4,14,65.0,1
167,173,37,3,4,16,55.0,0
91,97,175,3,4,10,20.0,0
167,20,344,3,4,17,75.0,0
167,340,344,3,4,16,75.0,0
12,51,173,3,4,8,205.0,0
157,81,257,3,4,15,70.0,0
208,134,98,3,4,9,55.0,0
34,134,98,3,4,9,55.0,0
59,134,98,3,4,9,55.0,0
19,134,98,3,4,9,55.0,0
17,134,98,3,4,9,55.0,0
208,134,39,3,4,9,70.0,1
183,134,39,3,4,9,70.0,1
34,134,39,3,4,9,70.0,1
141,134,39,3,4,9,70.0,1
17,134,39,3,4,9,70.0,1
208,233,57,3,4,8,89.0,0
61,181,43,3,4,15,80.0,0
161,84,383,3,4,17,43.0,1
167,84,344,3,4,16,85.0,0
57,196,62,3,4,3,72.0,0
115,202,172,3,4,15,70.0,0
202,106,282,3,4,13,65.0,0
52,106,185,3,4,13,195.0,0
213,401,55,3,4,13,85.0,0
213,401,283,3,4,13,95.0,1
208,99,380,3,4,8,63.0,0
208,99,153,3,4,8,164.0,0
208,99,303,3,4,8,106.0,0
208,99,309,3,4,8,84.0,0
208,99,72,3,4,7,175.0,0
208,99,329,3,4,7,78.0,0
53,148,263,3,4,8,30.0,0
153,383,168,3,4,16,200.0,0
68,73,328,3,4,10,285.0,0
4,180,314,3,4,14,210.0,0
55,98,86,3,4,16,75.0,0
228,219,243,3,4,6,130.0,0
211,89,355,3,4,13,65.0,0
211,412,64,3,4,14,55.0,0
71,134,205,3,4,9,95.0,0
208,78,69,3,4,9,71.0,0
108,35,332,3,4,9,105.0,0
167,403,48,3,4,17,60.0,0
52,331,185,3,4,14,60.0,0
115,202,268,3,4,15,85.0,1
154,276,22,3,4,16,40.0,0
108,326,227,3,4,8,60.0,0
227,183,309,3,4,1,60.0,0
173,3,25,3,4,7,80.0,0
89,3,25,3,4,7,80.0,0
217,3,25,3,4,7,80.0,0
123,202,251,3,4,15,115.0,0
123,299,21,3,4,16,115.0,0
167,11,344,3,4,16,80.0,0
167,411,344,3,4,16,70.0,0
167,109,344,3,4,16,70.0,0
66,403,225,3,4,17,95.0,0
65,403,225,3,4,17,95.0,0
208,335,57,3,4,9,112.0,0
68,73,250,3,4,14,150.0,0
222,73,250,3,4,14,150.0,0
66,73,250,3,4,14,150.0,0
182,73,250,3,4,14,150.0,0
208,185,375,3,4,9,114.0,0
89,73,318,3,4,12,165.0,0
181,73,318,3,4,12,165.0,0
66,73,318,3,4,12,165.0,0
222,73,318,3,4,12,165.0,0
68,73,318,3,4,12,165.0,0
182,73,318,3,4,12,165.0,0
181,369,294,3,4,15,110.0,0
66,369,294,3,4,15,110.0,0
182,369,294,3,4,15,110.0,0
68,369,294,3,4,15,110.0,0
222,369,294,3,4,15,110.0,0
116,168,85,3,4,7,190.0,0
113,66,308,3,4,8,91.0,0
101,194,27,3,4,12,150.0,0
181,464,27,3,4,12,160.0,0
222,37,317,3,4,15,140.0,0
127,37,317,3,4,15,140.0,0
182,37,317,3,4,15,140.0,0
208,135,97,3,4,10,60.0,0
183,135,97,3,4,10,60.0,0
34,135,97,3,4,10,60.0,0
208,135,393,3,4,9,60.0,0
183,135,393,3,4,9,60.0,0
141,135,393,3,4,9,60.0,0
33,135,393,3,4,9,60.0,0
183,73,328,3,4,10,300.0,0
146,380,185,3,4,15,80.0,0
105,228,266,3,4,15,50.0,0
222,73,317,3,4,12,165.0,0
211,89,355,3,4,13,65.0,0
228,219,187,3,4,6,40.0,0
116,294,125,3,4,15,110.0,0
116,410,125,3,4,15,85.0,0
116,161,223,3,4,15,90.0,0
116,161,351,3,4,15,80.0,0
61,406,95,3,4,14,80.0,0
111,365,39,3,4,8,45.0,0
177,365,39,3,4,8,45.0,0
66,365,39,3,4,8,45.0,0
146,365,39,3,4,8,45.0,0
222,365,39,3,4,8,45.0,0
129,365,39,3,4,8,45.0,0
97,365,39,3,4,8,45.0,0
77,365,39,3,4,8,45.0,0
208,70,39,3,4,8,60.0,0
116,269,125,3,4,14,125.0,0
222,73,126,3,4,12,160.0,1
69,73,126,3,4,12,160.0,1
182,73,126,3,4,12,160.0,1
19,162,294,3,4,15,115.0,0
203,162,294,3,4,15,115.0,0
67,162,294,3,4,15,115.0,0
181,162,294,3,4,15,115.0,0
4,74,164,3,4,15,105.0,0
145,226,58,3,4,8,40.0,0
227,417,119,3,4,15,50.0,0
52,413,182,3,4,14,55.0,0
167,1,381,3,4,16,50.0,0
116,161,59,3,4,15,90.0,0
116,79,125,3,4,15,105.0,0
70,121,121,3,4,9,95.0,0
88,131,24,3,4,3,76.0,0
227,260,44,3,4,16,15.0,1
123,299,101,3,4,15,135.0,0
116,161,101,3,4,15,115.0,0
1,387,22,3,4,9,50.0,0
116,79,147,3,4,15,115.0,0
71,386,97,3,4,8,135.0,0
34,81,5,3,4,15,80.0,0
222,316,60,3,4,13,140.0,0
140,316,60,3,4,13,140.0,0
68,316,60,3,4,13,140.0,0
146,168,85,3,4,7,190.0,0
168,168,39,3,4,7,130.0,1
178,261,279,3,4,8,38.0,0
38,290,144,3,4,2,93.0,0
167,262,344,3,4,17,115.0,0
88,322,352,3,4,3,67.0,0
217,35,393,3,4,8,140.0,0
116,35,393,3,4,8,140.0,0
195,35,393,3,4,8,140.0,0
39,35,393,3,4,8,140.0,0
54,35,85,3,4,8,80.0,0
39,35,85,3,4,8,80.0,0
149,35,85,3,4,8,80.0,0
217,35,85,3,4,8,80.0,0
168,35,85,3,4,8,80.0,0
133,35,85,3,4,8,80.0,0
208,35,97,3,4,8,155.0,0
201,35,97,3,4,8,155.0,0
183,35,97,3,4,8,155.0,0
45,35,97,3,4,8,155.0,0
17,35,97,3,4,8,155.0,0
39,35,132,3,4,8,85.0,0
86,35,393,3,4,7,135.0,0
8,35,393,3,4,7,135.0,0
54,35,85,3,4,7,80.0,0
149,35,85,3,4,7,80.0,0
224,35,85,3,4,7,80.0,0
89,35,85,3,4,7,80.0,0
39,35,85,3,4,7,80.0,0
168,35,85,3,4,7,80.0,0
217,35,85,3,4,7,80.0,0
133,35,85,3,4,7,80.0,0
111,403,225,3,4,17,95.0,0
23,403,225,3,4,17,95.0,0
83,403,225,3,4,17,95.0,0
183,403,225,3,4,17,95.0,0
24,403,37,3,4,17,90.0,0
183,403,37,3,4,17,90.0,0
24,403,225,3,4,17,95.0,0
183,403,225,3,4,17,95.0,0
167,403,334,3,4,16,55.0,0
93,289,260,3,4,7,75.0,1
111,365,132,3,4,8,25.0,0
218,365,132,3,4,8,25.0,0
215,365,132,3,4,8,25.0,0
222,365,132,3,4,8,25.0,0
97,365,132,3,4,8,25.0,0
77,365,132,3,4,8,25.0,0
111,365,97,3,4,8,70.0,0
214,365,97,3,4,8,70.0,0
175,365,97,3,4,8,70.0,0
222,365,97,3,4,8,70.0,0
97,365,97,3,4,8,70.0,0
77,365,97,3,4,8,70.0,0
71,70,97,3,4,8,90.0,0
16,414,355,3,4,14,65.0,0
166,332,162,3,4,16,65.0,0
167,424,215,3,4,16,55.0,0
128,365,39,3,4,8,85.0,0
78,407,315,3,4,14,65.0,0
116,223,125,3,4,15,105.0,0
222,227,324,3,4,15,95.0,0
182,227,324,3,4,15,95.0,0
227,338,272,3,4,9,170.0,0
66,70,393,3,4,8,75.0,0
129,70,393,3,4,8,75.0,0
77,70,393,3,4,8,75.0,0
8,70,393,3,4,8,75.0,0
68,450,120,3,4,15,90.0,0
102,450,120,3,4,15,90.0,0
182,450,120,3,4,15,90.0,0
66,450,120,3,4,15,90.0,0
127,450,120,3,4,15,90.0,0
67,450,120,3,4,15,90.0,0
123,204,246,3,4,15,135.0,0
226,47,235,3,4,8,85.0,0
167,102,225,3,4,17,70.0,0
183,268,344,3,4,17,85.0,0
37,268,344,3,4,17,90.0,0
65,268,344,3,4,17,90.0,0
111,268,344,3,4,17,90.0,0
23,268,344,3,4,17,90.0,0
83,268,344,3,4,17,90.0,0
161,31,90,3,4,16,36.0,1
161,357,90,3,4,16,26.0,0
111,256,277,3,4,11,145.0,0
162,406,259,3,4,14,90.0,0
114,198,176,3,4,9,60.0,0
200,286,363,3,4,16,109.0,0
222,38,317,3,4,15,150.0,0
69,38,317,3,4,15,150.0,0
68,38,317,3,4,15,150.0,0
202,297,76,3,4,13,75.0,0
202,167,76,3,4,12,85.0,1
202,429,76,3,4,12,75.0,1
181,73,189,3,4,13,95.0,0
179,73,189,3,4,13,95.0,0
202,106,131,3,4,13,90.0,0
202,106,248,3,4,13,80.0,0
140,73,126,3,4,12,150.0,0
208,430,57,3,4,8,74.0,0
202,210,76,3,4,12,65.0,0
35,53,383,3,4,17,85.0,0
215,32,145,3,4,13,80.0,0
116,32,145,3,4,13,80.0,0
86,414,343,3,4,12,70.0,0
155,401,179,3,4,13,65.0,0
206,401,179,3,4,13,65.0,0
201,401,179,3,4,13,65.0,0
168,401,179,3,4,13,65.0,0
90,401,355,3,4,13,90.0,1
129,401,189,3,4,13,210.0,0
88,107,229,3,4,1,101.0,0
183,268,344,3,4,17,85.0,0
37,268,344,3,4,17,90.0,0
39,268,344,3,4,17,90.0,0
23,268,344,3,4,17,90.0,0
83,268,344,3,4,17,90.0,0
65,268,344,3,4,17,90.0,0
111,268,344,3,4,17,90.0,0
183,268,344,3,4,17,85.0,0
37,268,344,3,4,16,90.0,0
66,268,344,3,4,16,90.0,0
39,268,344,3,4,16,90.0,0
65,268,344,3,4,16,90.0,0
111,268,344,3,4,16,90.0,0
23,268,344,3,4,16,90.0,0
83,268,344,3,4,16,90.0,0
39,268,37,3,4,16,140.0,0
111,268,37,3,4,16,140.0,0
23,268,37,3,4,16,140.0,0
83,268,37,3,4,16,140.0,0
183,268,344,3,4,16,85.0,0
21,268,344,3,4,16,85.0,0
37,268,344,3,4,16,90.0,0
111,268,344,3,4,16,90.0,0
83,268,344,3,4,16,90.0,0
23,268,344,3,4,16,90.0,0
59,268,344,3,4,16,90.0,0
167,268,236,3,4,15,80.0,1
213,94,343,3,4,13,105.0,0
227,109,38,3,4,16,96.0,0
128,119,83,3,4,8,85.0,0
108,35,227,3,4,7,115.0,0
132,35,85,3,4,7,85.0,0
130,35,85,3,4,7,85.0,0
86,35,85,3,4,7,85.0,0
85,35,85,3,4,7,85.0,0
77,35,85,3,4,7,85.0,0
8,35,85,3,4,7,85.0,0
167,58,37,3,4,15,55.0,0
116,204,59,3,4,15,110.0,0
165,385,213,3,4,8,55.0,0
19,73,294,3,4,13,155.0,0
203,73,294,3,4,13,155.0,0
67,73,294,3,4,13,155.0,0
181,73,294,3,4,13,155.0,0
19,371,126,3,4,15,135.0,0
182,371,126,3,4,14,125.0,0
84,105,306,3,4,0,60.0,0
37,403,225,3,4,16,95.0,0
65,403,225,3,4,16,95.0,0
23,403,225,3,4,16,95.0,0
83,403,225,3,4,16,95.0,0
37,403,225,3,4,16,95.0,0
83,403,225,3,4,16,95.0,0
23,403,225,3,4,16,95.0,0
111,403,225,3,4,16,95.0,0
183,403,225,3,4,16,95.0,1
66,403,37,3,4,16,95.0,1
65,403,37,3,4,16,95.0,1
23,403,37,3,4,16,95.0,1
213,333,55,3,4,13,130.0,0
202,106,55,3,4,13,75.0,0
138,61,363,3,4,15,57.0,1
167,61,378,3,4,16,90.0,0
221,234,205,3,4,8,110.0,0
116,188,59,3,4,15,105.0,0
208,134,52,3,4,8,75.0,0
183,134,52,3,4,8,75.0,0
208,134,98,3,4,8,55.0,0
201,134,98,3,4,8,55.0,0
183,134,98,3,4,8,55.0,0
123,137,61,3,4,15,85.0,0
88,241,116,3,4,0,199.0,0
66,73,102,3,4,13,165.0,0
222,73,102,3,4,13,165.0,0
140,73,102,3,4,13,165.0,0
208,168,97,3,4,7,155.0,0
74,168,97,3,4,7,155.0,0
34,168,97,3,4,7,155.0,0
1,168,97,3,4,7,155.0,0
208,168,98,3,4,7,175.0,0
34,168,98,3,4,7,175.0,0
1,168,98,3,4,7,175.0,0
14,70,313,3,4,8,85.0,0
66,70,313,3,4,8,85.0,0
129,70,313,3,4,8,85.0,0
128,70,313,3,4,8,85.0,0
97,70,313,3,4,8,85.0,0
77,70,313,3,4,8,85.0,0
65,70,313,3,4,8,85.0,0
8,70,313,3,4,8,85.0,0
155,401,179,3,4,14,65.0,1
214,401,179,3,4,14,65.0,1
206,401,179,3,4,14,65.0,1
166,401,179,3,4,13,65.0,0
99,401,179,3,4,13,65.0,0
86,401,179,3,4,13,65.0,0
65,401,179,3,4,13,65.0,0
78,401,179,3,4,13,65.0,0
208,135,97,3,4,9,60.0,0
17,135,97,3,4,9,60.0,0
208,135,39,3,4,8,85.0,0
183,135,39,3,4,8,85.0,0
34,135,39,3,4,8,85.0,0
141,135,39,3,4,8,85.0,0
167,268,48,3,4,17,70.0,0
167,403,48,3,4,15,55.0,1
167,63,344,3,4,16,60.0,0
115,454,147,3,4,14,95.0,0
216,221,328,3,4,14,75.0,0
175,221,328,3,4,14,75.0,0
23,221,328,3,4,14,75.0,0
146,221,328,3,4,14,75.0,0
21,221,328,3,4,14,75.0,0
105,319,247,3,4,15,50.0,0
203,368,294,3,4,15,100.0,0
67,368,294,3,4,15,100.0,0
19,368,294,3,4,15,100.0,0
181,368,294,3,4,15,100.0,0
116,17,125,3,4,15,85.0,0
116,228,125,3,4,14,110.0,0
116,14,125,3,4,14,125.0,0
116,158,125,3,4,14,90.0,0
117,217,125,3,4,14,75.0,0
116,202,125,3,4,14,105.0,0
201,365,98,3,4,8,85.0,0
34,365,98,3,4,8,85.0,0
17,365,98,3,4,8,85.0,0
1,365,98,3,4,8,85.0,0
111,365,52,3,4,8,80.0,0
214,365,52,3,4,8,80.0,0
22,365,52,3,4,8,80.0,0
129,365,52,3,4,8,80.0,0
97,365,52,3,4,8,80.0,0
77,365,52,3,4,8,80.0,0
66,365,85,3,4,8,130.0,0
130,365,85,3,4,8,130.0,0
97,365,85,3,4,8,130.0,0
77,365,85,3,4,8,130.0,0
208,365,97,3,4,8,70.0,0
17,365,97,3,4,8,70.0,0
94,230,13,3,4,11,155.0,0
94,373,13,3,4,12,80.0,0
227,147,133,3,4,0,162.0,0
58,196,139,3,4,2,47.0,0
202,106,56,3,4,12,85.0,0
116,79,136,3,4,15,125.0,0
87,386,393,3,4,8,115.0,0
71,134,393,3,4,8,50.0,0
197,257,127,3,4,8,145.0,0
68,73,126,3,4,12,150.0,0
102,73,126,3,4,12,150.0,0
182,73,126,3,4,12,150.0,0
127,73,126,3,4,12,150.0,0
67,73,126,3,4,12,150.0,0
119,170,99,3,4,9,30.0,0
208,465,98,3,4,9,60.0,0
183,465,98,3,4,9,60.0,0
141,465,98,3,4,9,60.0,0
208,465,97,3,4,9,65.0,0
34,465,97,3,4,9,65.0,0
194,465,97,3,4,9,65.0,0
17,465,97,3,4,9,65.0,0
203,451,151,3,4,14,130.0,0
67,451,151,3,4,14,130.0,0
19,451,151,3,4,14,130.0,0
181,451,151,3,4,14,130.0,0
115,419,159,3,4,15,75.0,0
105,319,298,3,4,15,55.0,0
208,190,57,3,4,8,34.0,0
105,319,123,3,4,14,40.0,0
227,119,83,3,4,8,75.0,0
123,279,251,3,4,15,105.0,0
123,22,251,3,4,15,105.0,0
123,215,251,3,4,14,95.0,0
167,130,344,3,4,16,70.0,0
116,161,148,3,4,14,85.0,0
181,73,318,3,4,11,185.0,0
208,35,203,3,4,7,25.0,0
47,35,203,3,4,7,25.0,0
224,35,203,3,4,7,25.0,0
48,35,203,3,4,7,25.0,0
17,35,203,3,4,7,25.0,0
4,74,150,3,4,14,70.0,0
211,113,47,3,4,12,60.0,0
61,103,96,3,4,13,85.0,0
168,70,132,3,4,8,25.0,0
146,70,132,3,4,8,25.0,0
39,70,132,3,4,8,25.0,0
208,141,32,3,4,8,110.0,0
208,439,281,3,4,8,79.0,0
208,439,68,3,4,8,166.0,0
208,439,193,3,4,8,86.0,0
208,439,201,3,4,8,105.0,0
208,439,346,3,4,8,89.0,0
167,353,215,3,4,15,55.0,0
167,255,37,3,4,17,90.0,0
208,314,57,3,4,7,119.0,0
68,73,386,3,4,12,160.0,0
102,73,386,3,4,12,160.0,0
181,450,126,3,4,15,85.0,0
203,450,126,3,4,15,85.0,0
67,450,126,3,4,15,85.0,0
19,450,126,3,4,15,85.0,0
68,450,317,3,4,15,120.0,0
102,450,317,3,4,15,120.0,0
182,450,317,3,4,15,120.0,0
66,450,317,3,4,15,120.0,0
127,450,317,3,4,15,120.0,0
67,450,317,3,4,15,120.0,0
96,465,313,3,4,9,95.0,0
77,465,313,3,4,9,95.0,0
8,465,313,3,4,9,95.0,0
182,401,120,3,4,12,235.0,1
52,94,185,3,4,12,230.0,0
208,166,57,3,4,8,81.0,0
208,125,305,3,4,7,129.0,0
182,80,358,3,4,14,95.0,0
169,73,358,3,4,14,115.0,0
66,73,358,3,4,14,115.0,0
222,73,358,3,4,14,115.0,0
67,73,358,3,4,14,115.0,0
64,73,358,3,4,14,115.0,0
68,73,358,3,4,14,115.0,0
208,349,57,3,4,8,92.0,0
54,121,25,3,4,8,85.0,0
149,121,25,3,4,8,85.0,0
217,121,25,3,4,8,85.0,0
168,121,25,3,4,8,85.0,0
116,121,25,3,4,8,85.0,0
224,121,25,3,4,8,85.0,0
39,121,25,3,4,8,85.0,0
208,121,97,3,4,8,130.0,0
183,121,97,3,4,8,130.0,0
34,121,97,3,4,8,130.0,0
17,121,97,3,4,8,130.0,0
149,121,25,3,4,8,85.0,0
217,121,25,3,4,8,85.0,0
168,121,25,3,4,8,85.0,0
59,121,25,3,4,8,85.0,0
89,121,25,3,4,8,85.0,0
224,121,25,3,4,8,85.0,0
173,121,25,3,4,8,85.0,0
208,121,98,3,4,7,125.0,0
183,121,98,3,4,7,125.0,0
227,418,374,3,4,16,82.0,0
208,325,57,3,4,8,87.0,0
128,19,134,3,4,8,130.0,0
116,79,61,3,4,15,110.0,0
227,328,370,3,4,9,65.0,0
113,82,307,3,4,7,95.0,0
211,89,355,3,4,12,65.0,0
201,401,179,3,4,14,65.0,1
183,401,179,3,4,14,65.0,1
168,401,179,3,4,14,65.0,1
146,401,179,3,4,14,65.0,1
128,401,179,3,4,14,65.0,1
99,401,179,3,4,14,65.0,1
86,401,179,3,4,14,65.0,1
65,401,179,3,4,14,65.0,1
78,401,179,3,4,14,65.0,1
52,307,185,3,4,13,180.0,1
116,174,125,3,4,14,165.0,0
208,75,57,3,4,9,30.0,0
139,114,340,3,4,6,51.0,1
182,155,317,3,4,15,145.0,0
208,6,57,3,4,8,53.0,0
188,221,355,3,4,14,70.0,0
168,221,355,3,4,14,70.0,0
92,221,355,3,4,14,70.0,0
155,221,328,3,4,14,75.0,0
183,221,328,3,4,14,75.0,0
168,221,328,3,4,14,75.0,0
166,221,328,3,4,14,75.0,0
92,221,328,3,4,14,75.0,0
89,221,328,3,4,14,75.0,0
52,221,182,3,4,14,150.0,0
127,368,294,3,4,15,90.0,0
222,368,294,3,4,15,90.0,0
181,368,50,3,4,14,115.0,0
66,368,50,3,4,14,115.0,0
222,368,50,3,4,14,115.0,0
68,368,50,3,4,14,115.0,0
19,368,50,3,4,14,115.0,0
182,368,50,3,4,14,115.0,0
208,392,71,3,4,6,120.0,0
181,37,358,3,4,14,135.0,0
208,37,358,3,4,14,135.0,0
23,37,358,3,4,14,135.0,0
141,37,358,3,4,14,135.0,0
17,37,358,3,4,14,135.0,0
181,37,126,3,4,14,135.0,0
208,37,126,3,4,14,135.0,0
179,37,126,3,4,14,135.0,0
82,37,126,3,4,14,135.0,0
141,37,126,3,4,14,135.0,0
181,37,317,3,4,14,145.0,0
179,37,317,3,4,14,145.0,0
141,37,317,3,4,14,145.0,0
208,265,71,3,4,8,95.0,0
116,420,125,3,4,14,80.0,0
116,204,125,3,4,14,80.0,0
116,263,125,3,4,14,90.0,0
116,161,147,3,4,14,65.0,0
86,38,358,3,4,14,125.0,0
222,38,358,3,4,14,125.0,0
69,38,358,3,4,14,125.0,0
86,38,50,3,4,14,155.0,0
222,38,50,3,4,14,155.0,0
69,38,50,3,4,14,155.0,0
115,461,159,3,4,13,85.0,1
179,227,320,3,4,14,130.0,0
19,227,320,3,4,14,130.0,0
167,122,37,3,4,16,80.0,0
167,145,37,3,4,17,65.0,0
208,111,57,3,4,7,115.0,0
208,78,242,3,4,7,133.0,0
208,78,73,3,4,7,156.0,0
181,451,317,3,4,14,150.0,0
66,451,317,3,4,14,150.0,0
222,451,317,3,4,14,150.0,0
68,451,317,3,4,14,150.0,0
19,451,317,3,4,14,150.0,0
182,451,317,3,4,14,150.0,0
88,322,352,3,4,2,40.0,0
86,35,39,3,4,7,145.0,0
8,35,39,3,4,7,145.0,0
208,389,305,3,4,6,148.0,0
123,299,59,3,4,14,115.0,0
177,7,173,3,4,10,60.0,0
177,211,7,3,4,8,65.0,0
116,137,125,3,4,14,110.0,0
123,137,59,3,4,14,150.0,0
202,76,76,3,4,13,75.0,0
202,76,367,3,4,13,85.0,0
167,179,44,3,4,15,105.0,0
208,195,57,3,4,7,113.0,0
85,134,98,3,4,8,55.0,0
17,134,98,3,4,8,55.0,0
208,134,132,3,4,8,40.0,0
34,134,132,3,4,8,40.0,0
208,134,167,3,4,8,85.0,0
34,134,167,3,4,8,85.0,0
116,369,164,3,4,13,200.0,0
116,81,251,3,4,14,75.0,0
140,316,60,3,4,12,125.0,0
64,316,60,3,4,12,125.0,0
179,316,60,3,4,12,125.0,0
181,316,60,3,4,12,125.0,0
19,316,60,3,4,12,125.0,0
182,80,28,3,4,14,145.0,0
75,435,203,3,4,7,30.0,1
208,9,57,3,4,8,66.0,0
78,258,348,3,4,13,50.0,0
198,365,181,3,4,15,290.0,0
1,365,97,3,4,8,70.0,0
121,365,132,3,4,7,25.0,0
168,365,132,3,4,7,25.0,0
39,365,132,3,4,7,25.0,0
111,365,52,3,4,7,80.0,0
214,365,52,3,4,7,80.0,0
66,365,52,3,4,7,80.0,0
129,365,52,3,4,7,80.0,0
97,365,52,3,4,7,80.0,0
77,365,52,3,4,7,80.0,0
20,365,52,3,4,7,80.0,0
111,365,132,3,4,7,15.0,1
215,365,132,3,4,7,15.0,1
208,305,40,3,4,8,94.0,0
219,426,14,3,4,7,40.0,0
227,120,304,3,4,0,193.0,0
52,333,185,3,4,13,150.0,0
167,53,135,3,4,15,55.0,0
182,162,120,3,4,14,140.0,0
171,344,232,3,4,2,151.0,0
43,272,262,3,4,1,29.0,0
213,167,343,3,4,13,90.0,0
213,333,343,3,4,12,90.0,1
67,73,151,3,4,13,145.0,0
203,73,151,3,4,13,145.0,0
19,73,151,3,4,13,145.0,0
181,73,151,3,4,13,145.0,0
99,401,138,3,4,12,245.0,0
168,401,138,3,4,12,245.0,0
50,401,138,3,4,12,245.0,0
143,401,138,3,4,12,245.0,0
89,401,138,3,4,12,245.0,0
39,401,138,3,4,12,245.0,0
79,143,300,3,4,9,120.0,0
183,268,37,3,4,16,130.0,0
35,353,37,3,4,17,70.0,0
140,451,126,3,4,14,145.0,0
68,451,126,3,4,14,145.0,0
102,451,126,3,4,14,145.0,0
182,451,126,3,4,14,145.0,0
66,451,126,3,4,14,145.0,0
127,451,126,3,4,14,145.0,0
67,451,126,3,4,14,145.0,0
106,451,27,3,4,14,150.0,0
222,451,294,3,4,14,125.0,0
182,451,294,3,4,14,125.0,0
140,451,50,3,4,14,110.0,0
67,451,50,3,4,14,110.0,0
179,451,120,3,4,14,165.0,0
19,451,120,3,4,14,165.0,0
222,451,317,3,4,14,145.0,0
127,451,317,3,4,14,145.0,0
227,437,78,3,4,16,103.0,0
115,321,159,3,4,14,80.0,1
227,16,270,3,4,0,53.0,0
214,35,98,3,4,7,155.0,0
86,35,98,3,4,7,155.0,0
8,35,98,3,4,7,155.0,0
193,54,29,3,4,9,88.0,0
0,151,62,3,4,3,131.0,0
34,121,98,3,4,7,125.0,0
19,121,98,3,4,7,125.0,0
17,121,98,3,4,7,125.0,0
1,121,98,3,4,7,125.0,0
149,121,167,3,4,7,180.0,0
108,121,167,3,4,7,180.0,0
122,121,274,3,4,7,72.0,0
222,73,294,3,4,13,160.0,0
69,73,294,3,4,13,160.0,0
182,73,294,3,4,13,160.0,0
181,347,317,3,4,15,100.0,0
203,347,317,3,4,15,100.0,0
67,347,317,3,4,15,100.0,0
19,347,317,3,4,15,100.0,0
88,241,46,3,4,1,98.0,0
167,340,344,3,4,15,75.0,0
167,88,344,3,4,15,65.0,0
83,403,37,3,4,16,95.0,1
111,403,37,3,4,16,95.0,1
37,403,225,3,4,16,95.0,0
83,403,225,3,4,16,95.0,0
23,403,225,3,4,16,95.0,0
111,403,225,3,4,16,95.0,0
111,403,225,3,4,16,95.0,0
183,403,225,3,4,16,95.0,0
21,403,225,3,4,16,95.0,0
161,403,63,3,4,15,64.0,0
167,403,20,3,4,15,70.0,0
115,295,15,3,4,13,60.0,1
108,35,203,3,4,7,30.0,0
227,246,8,3,4,2,106.0,0
222,365,132,3,4,7,15.0,1
97,365,132,3,4,7,15.0,1
137,270,292,3,4,7,60.0,0
52,384,185,3,4,12,195.0,0
10,381,207,3,4,7,31.0,0
108,35,369,3,4,7,80.0,0
94,432,13,3,4,11,95.0,0
161,242,63,3,4,15,72.0,1
57,196,384,3,4,1,90.0,0
14,70,97,3,4,7,80.0,0
129,70,97,3,4,7,80.0,0
77,70,97,3,4,7,80.0,0
155,401,179,3,4,13,65.0,1
214,401,179,3,4,13,65.0,1
206,401,179,3,4,13,65.0,1
201,401,179,3,4,13,65.0,1
183,401,179,3,4,13,65.0,1
168,401,179,3,4,13,65.0,1
166,401,179,3,4,13,65.0,1
146,401,179,3,4,13,65.0,1
128,401,179,3,4,13,65.0,1
106,401,179,3,4,13,65.0,1
99,401,179,3,4,13,65.0,1
86,401,179,3,4,13,65.0,1
59,401,179,3,4,13,65.0,1
15,264,166,3,4,9,45.0,0
182,155,387,3,4,14,155.0,0
222,368,120,3,4,14,135.0,0
102,368,386,3,4,14,110.0,1
66,368,386,3,4,14,110.0,1
127,368,386,3,4,14,110.0,1
211,89,355,3,4,12,65.0,0
211,412,64,3,4,12,55.0,1
40,447,210,3,4,1,90.0,0
32,267,280,3,4,13,106.0,0
227,191,280,3,4,13,2.0,1
227,362,9,3,4,0,31.0,1
116,161,186,3,4,14,105.0,0
117,161,267,3,4,14,80.0,0
116,161,178,3,4,14,85.0,0
116,161,21,3,4,14,95.0,0
202,333,328,3,4,12,175.0,0
12,211,45,3,4,9,75.0,0
81,30,45,3,4,8,120.0,0
216,380,185,3,4,14,75.0,0
175,380,185,3,4,14,75.0,0
23,380,185,3,4,14,75.0,0
146,380,185,3,4,14,75.0,0
21,380,185,3,4,14,75.0,0
167,1,48,3,4,16,130.0,0
52,235,185,3,4,13,65.0,0
181,37,250,3,4,14,110.0,0
179,37,250,3,4,14,110.0,0
141,37,250,3,4,14,110.0,0
227,265,281,3,4,2,107.0,0
163,197,155,3,4,8,50.0,0
116,318,125,3,4,14,95.0,0
227,238,252,3,4,0,34.0,1
175,208,0,3,4,9,35.0,1
227,130,63,3,4,15,129.0,1
85,134,167,3,4,8,85.0,0
17,134,167,3,4,8,85.0,0
52,200,185,3,4,12,220.0,1
20,369,294,3,4,14,105.0,0
86,369,294,3,4,14,105.0,0
128,369,294,3,4,14,105.0,0
222,369,294,3,4,14,105.0,0
116,161,147,3,4,14,65.0,0
116,188,125,3,4,14,70.0,0
47,244,25,3,4,7,140.0,0
19,244,25,3,4,7,140.0,0
224,244,25,3,4,7,140.0,0
48,244,25,3,4,7,140.0,0
1,244,25,3,4,7,140.0,0
175,244,25,3,4,7,135.0,0
201,134,368,3,4,8,85.0,0
183,134,368,3,4,8,85.0,0
141,134,368,3,4,8,85.0,0
17,134,368,3,4,8,85.0,0
182,227,120,3,4,14,140.0,0
166,227,120,3,4,14,140.0,0
67,227,324,3,4,14,80.0,0
66,227,324,3,4,14,80.0,0
222,227,324,3,4,14,80.0,0
127,227,324,3,4,14,80.0,0
140,227,324,3,4,14,80.0,0
64,227,324,3,4,14,80.0,0
68,227,324,3,4,14,80.0,0
129,227,120,3,4,14,130.0,0
222,227,120,3,4,14,130.0,0
182,227,120,3,4,14,130.0,0
140,227,50,3,4,14,125.0,0
67,227,50,3,4,14,125.0,0
118,254,174,3,4,7,215.0,0
202,77,76,3,4,12,80.0,0
202,106,283,3,4,12,85.0,0
227,60,206,3,4,2,49.0,0
172,302,184,3,4,14,70.0,0
123,408,251,3,4,13,265.0,0
141,134,393,3,4,8,55.0,0
33,134,393,3,4,8,55.0,0
183,465,39,3,4,9,75.0,0
194,465,39,3,4,9,75.0,0
208,465,368,3,4,8,80.0,0
201,465,368,3,4,8,80.0,0
194,465,368,3,4,8,80.0,0
182,73,386,3,4,12,160.0,0
66,73,386,3,4,12,160.0,0
67,73,386,3,4,12,160.0,0
20,450,318,3,4,14,115.0,0
86,450,318,3,4,14,115.0,0
127,450,318,3,4,14,115.0,0
222,450,318,3,4,14,115.0,0
215,32,145,3,4,11,75.0,1
116,32,145,3,4,11,75.0,1
213,220,343,3,4,12,85.0,0
227,345,103,3,4,3,60.0,1
66,316,324,3,4,12,115.0,0
222,316,324,3,4,12,115.0,0
127,316,324,3,4,12,115.0,0
67,316,324,3,4,12,115.0,0
64,316,324,3,4,12,115.0,0
68,316,324,3,4,12,115.0,0
140,316,324,3,4,11,100.0,1
64,316,324,3,4,11,100.0,1
179,316,324,3,4,11,100.0,1
131,376,320,3,4,14,155.0,0
140,376,320,3,4,14,155.0,0
179,376,320,3,4,14,155.0,0
64,376,320,3,4,14,155.0,0
181,376,320,3,4,14,155.0,0
19,376,320,3,4,14,155.0,0
66,376,126,3,4,14,155.0,0
222,376,126,3,4,14,155.0,0
127,376,126,3,4,14,155.0,0
140,376,126,3,4,14,155.0,0
116,161,59,3,4,14,90.0,0
116,188,251,3,4,14,85.0,0
123,79,251,3,4,14,100.0,0
5,372,394,3,4,8,285.0,0
116,161,136,3,4,14,85.0,0
167,421,37,3,4,17,100.0,0
183,403,37,3,4,16,90.0,0
167,53,239,3,4,15,120.0,0
202,106,131,3,4,12,85.0,0
167,268,137,3,4,16,80.0,0
66,268,37,3,4,16,140.0,0
83,268,37,3,4,16,140.0,0
23,268,37,3,4,16,140.0,0
37,268,344,3,4,16,90.0,0
65,268,344,3,4,16,90.0,0
188,268,344,3,4,16,90.0,0
23,268,344,3,4,16,90.0,0
167,268,74,3,4,15,70.0,0
20,43,105,3,4,7,55.0,0
116,295,125,3,4,14,145.0,0
150,259,224,3,4,6,135.0,1
116,137,59,3,4,14,135.0,0
51,280,231,3,4,3,162.0,0
116,161,159,3,4,14,110.0,0
66,370,28,3,4,12,130.0,0
125,38,60,3,4,14,160.0,0
222,38,60,3,4,14,160.0,0
68,38,60,3,4,14,160.0,0
128,38,102,3,4,14,180.0,0
222,73,189,3,4,13,85.0,0
69,73,189,3,4,13,85.0,0
182,73,189,3,4,13,85.0,0
217,121,132,3,4,7,90.0,0
108,121,132,3,4,7,90.0,0
39,121,132,3,4,7,90.0,0
149,121,39,3,4,7,135.0,0
108,121,39,3,4,7,135.0,0
149,121,132,3,4,7,100.0,0
108,121,132,3,4,7,100.0,0
54,121,132,3,4,7,100.0,0
149,121,98,3,4,7,130.0,0
108,121,98,3,4,7,130.0,0
181,73,320,3,4,11,150.0,0
167,63,344,3,4,15,55.0,0
167,403,48,3,4,16,55.0,0
65,403,225,3,4,15,95.0,0
37,403,225,3,4,15,95.0,0
66,403,225,3,4,15,95.0,0
111,403,225,3,4,15,95.0,0
23,403,225,3,4,15,95.0,0
83,403,225,3,4,15,95.0,0
167,403,291,3,4,15,65.0,0
167,403,354,3,4,15,65.0,0
167,403,78,3,4,15,65.0,0
12,287,1,3,4,10,120.0,0
116,188,246,3,4,14,130.0,0
116,137,125,3,4,14,105.0,0
158,187,393,3,4,7,120.0,0
99,187,393,3,4,7,120.0,0
111,187,393,3,4,7,120.0,0
208,187,98,3,4,7,100.0,0
99,187,98,3,4,7,100.0,0
110,187,98,3,4,7,100.0,0
44,462,371,3,4,15,40.0,0
54,168,108,3,4,6,160.0,0
130,366,164,3,4,14,120.0,0
34,366,251,3,4,13,176.0,0
65,401,179,3,4,13,65.0,1
78,401,179,3,4,13,65.0,1
54,401,179,3,4,13,65.0,1
89,401,179,3,4,13,65.0,1
227,266,222,3,4,0,57.0,0
206,127,88,3,4,8,75.0,0
52,331,328,3,4,13,85.0,0
162,380,259,3,4,13,235.0,0
23,380,259,3,4,13,235.0,0
214,380,355,3,4,13,65.0,0
216,380,355,3,4,13,65.0,0
23,380,355,3,4,13,65.0,0
21,380,355,3,4,13,65.0,0
115,454,159,3,4,13,35.0,1
30,377,185,3,4,12,170.0,0
30,221,325,3,4,13,65.0,0
167,339,2,3,4,14,50.0,0
227,109,240,3,4,16,54.0,0
227,284,354,3,4,17,33.0,0
167,332,276,3,4,14,110.0,1
116,79,125,3,4,14,100.0,0
116,223,125,3,4,13,100.0,0
78,367,348,3,4,12,60.0,0
86,162,28,3,4,14,160.0,0
222,162,28,3,4,14,160.0,0
69,162,28,3,4,14,160.0,0
68,162,28,3,4,14,160.0,0
129,162,120,3,4,14,135.0,0
222,162,120,3,4,14,135.0,0
182,162,120,3,4,14,135.0,0
181,162,320,3,4,14,140.0,0
179,162,320,3,4,14,140.0,0
181,162,27,3,4,14,145.0,0
179,162,27,3,4,14,145.0,0
82,162,27,3,4,14,145.0,0
17,162,27,3,4,14,145.0,0
68,370,386,3,4,12,110.0,0
102,370,386,3,4,12,110.0,0
182,370,386,3,4,12,110.0,0
67,370,386,3,4,12,110.0,0
87,160,85,3,4,7,150.0,0
135,57,375,3,4,0,72.0,1
182,155,189,3,4,13,150.0,0
181,155,27,3,4,13,200.0,0
66,155,60,3,4,13,120.0,0
169,155,60,3,4,13,120.0,0
222,155,60,3,4,13,120.0,0
67,155,60,3,4,13,120.0,0
64,155,60,3,4,13,120.0,0
68,155,60,3,4,13,120.0,0
183,380,355,3,4,13,75.0,0
17,380,355,3,4,13,75.0,0
208,149,57,3,4,6,78.0,0
67,368,386,3,4,14,110.0,1
68,368,386,3,4,14,110.0,1
182,368,386,3,4,14,110.0,1
66,368,60,3,4,14,160.0,0
222,368,27,3,4,14,135.0,0
127,368,27,3,4,14,135.0,0
182,368,27,3,4,14,135.0,0
116,368,125,3,4,12,245.0,0
208,392,71,3,4,5,109.0,0
208,10,71,3,4,5,98.0,0
130,249,305,3,4,0,90.0,0
181,316,27,3,4,9,230.0,0
124,214,19,3,4,14,65.0,0
120,118,214,3,4,6,350.0,0
66,38,196,3,4,14,140.0,0
66,73,28,3,4,11,160.0,0
68,38,102,3,4,14,180.0,0
102,38,102,3,4,14,180.0,0
182,38,102,3,4,14,180.0,0
66,38,102,3,4,14,180.0,0
127,38,102,3,4,14,180.0,0
67,38,102,3,4,14,180.0,0
222,38,387,3,4,14,135.0,0
69,38,387,3,4,14,135.0,0
86,38,387,3,4,14,135.0,0
41,272,4,3,4,2,145.0,0
52,307,185,3,4,13,190.0,0
94,26,322,3,4,10,60.0,0
115,202,389,3,4,13,40.0,1
176,21,92,3,4,0,185.0,0
219,13,364,3,4,6,58.0,0
87,160,181,3,4,7,255.0,0
202,106,131,3,4,10,85.0,1
181,316,324,3,4,11,100.0,1
19,316,324,3,4,11,100.0,1
67,376,126,3,4,14,155.0,0
64,376,126,3,4,14,155.0,0
68,376,126,3,4,14,155.0,0
181,376,27,3,4,13,165.0,0
34,376,27,3,4,13,165.0,0
66,376,27,3,4,13,165.0,0
222,376,27,3,4,13,165.0,0
127,376,27,3,4,13,165.0,0
67,376,27,3,4,13,165.0,0
64,376,27,3,4,13,165.0,0
68,376,27,3,4,13,165.0,0
182,376,28,3,4,13,165.0,0
88,241,384,3,4,0,73.0,0
123,410,251,3,4,13,90.0,0
123,299,223,3,4,14,110.0,0
123,299,59,3,4,14,110.0,0
167,154,344,3,4,14,80.0,0
167,403,63,3,4,15,75.0,0
167,403,10,3,4,15,80.0,0
208,208,98,3,4,8,100.0,0
183,208,98,3,4,8,100.0,0
34,208,98,3,4,8,100.0,0
17,208,98,3,4,8,100.0,0
1,208,98,3,4,8,100.0,0
226,123,91,3,4,7,30.0,1
213,76,343,3,4,11,85.0,0
167,61,140,3,4,15,110.0,0
167,61,363,3,4,14,55.0,0
115,137,389,3,4,13,70.0,0
66,369,386,3,4,13,130.0,0
222,369,314,3,4,13,185.0,0
66,369,314,3,4,13,185.0,0
180,369,314,3,4,13,185.0,0
1,25,333,3,4,7,50.0,0
208,134,313,3,4,7,70.0,0
201,134,313,3,4,7,70.0,0
34,134,313,3,4,7,70.0,0
199,244,25,3,4,7,135.0,0
77,244,25,3,4,7,135.0,0
33,244,25,3,4,7,135.0,0
8,244,25,3,4,7,135.0,0
48,244,25,3,4,7,135.0,0
67,80,386,3,4,14,155.0,0
66,80,386,3,4,14,155.0,0
222,80,386,3,4,14,155.0,0
64,80,386,3,4,14,155.0,0
68,80,386,3,4,14,155.0,0
223,253,156,3,4,7,240.0,0
181,73,49,3,4,13,220.0,0
149,121,199,3,4,9,90.0,0
217,121,199,3,4,9,90.0,0
168,121,199,3,4,9,90.0,0
49,330,330,3,4,11,60.0,1
77,365,132,3,4,7,15.0,1
222,365,200,3,4,7,135.0,0
99,365,200,3,4,7,135.0,0
77,365,200,3,4,7,135.0,0
39,365,25,3,4,7,165.0,0
116,365,25,3,4,7,165.0,0
133,365,25,3,4,7,165.0,0
111,365,98,3,4,7,85.0,0
211,412,64,3,4,12,55.0,0
65,70,97,3,4,7,80.0,0
8,70,97,3,4,7,80.0,0
215,70,132,3,4,7,25.0,1
203,227,250,3,4,13,195.0,0
19,227,250,3,4,13,195.0,0
181,227,250,3,4,13,195.0,0
222,227,387,3,4,13,125.0,0
182,227,387,3,4,13,125.0,0
67,227,387,3,4,13,125.0,0
181,227,250,3,4,13,170.0,0
203,227,250,3,4,13,170.0,0
67,227,250,3,4,13,170.0,0
19,227,250,3,4,13,170.0,0
222,227,294,3,4,13,230.0,0
182,227,28,3,4,13,205.0,0
208,358,305,3,4,6,133.0,0
65,403,37,3,4,15,95.0,0
37,403,37,3,4,15,95.0,0
217,35,79,3,4,7,95.0,0
3,35,79,3,4,7,95.0,0
39,35,79,3,4,7,95.0,0
183,53,344,3,4,17,95.0,0
34,53,344,3,4,17,95.0,0
167,53,48,3,4,16,110.0,0
73,308,83,3,4,14,160.0,0
4,408,54,3,4,13,205.0,0
208,101,57,3,4,7,35.0,0
219,436,364,3,4,8,100.0,0
89,13,364,3,4,6,58.0,0
208,100,57,3,4,6,98.0,0
19,193,358,3,4,15,100.0,0
203,193,358,3,4,15,100.0,0
67,193,358,3,4,15,100.0,0
181,193,358,3,4,15,100.0,0
216,401,328,3,4,12,215.0,0
175,401,328,3,4,12,215.0,0
50,401,328,3,4,12,215.0,0
23,401,328,3,4,12,215.0,0
201,401,320,3,4,12,235.0,0
19,401,320,3,4,12,235.0,0
52,218,356,3,4,12,55.0,0
59,465,368,3,4,8,80.0,0
17,465,368,3,4,8,80.0,0
203,73,386,3,4,11,185.0,0
67,73,386,3,4,11,185.0,0
19,73,386,3,4,11,185.0,0
181,73,386,3,4,11,185.0,0
167,130,225,3,4,17,42.0,0
203,450,151,3,4,14,140.0,0
67,450,151,3,4,14,140.0,0
19,450,151,3,4,14,140.0,0
181,450,151,3,4,14,140.0,0
127,450,317,3,4,13,120.0,0
222,450,317,3,4,13,120.0,0
202,333,76,3,4,12,80.0,0
52,106,185,3,4,11,195.0,0
83,268,344,3,4,16,90.0,0
183,268,344,3,4,16,85.0,0
167,268,48,3,4,14,80.0,0
208,78,130,3,4,7,182.0,0
208,78,201,3,4,7,171.0,0
208,78,6,3,4,7,149.0,0
208,78,117,3,4,6,178.0,0
208,78,118,3,4,6,177.0,0
208,78,107,3,4,6,58.0,0
179,37,67,3,4,15,70.0,0
116,95,125,3,4,13,235.0,0
60,417,119,3,4,14,40.0,0
86,451,28,3,4,14,115.0,0
222,451,28,3,4,14,115.0,0
69,451,28,3,4,14,115.0,0
67,451,126,3,4,13,145.0,0
182,451,129,3,4,13,190.0,0
68,451,386,3,4,13,160.0,0
102,451,386,3,4,13,160.0,0
182,451,386,3,4,13,160.0,0
66,451,386,3,4,13,160.0,0
127,451,386,3,4,13,160.0,0
67,451,386,3,4,13,160.0,0
20,451,318,3,4,13,145.0,0
86,451,318,3,4,13,145.0,0
128,451,318,3,4,13,145.0,0
166,451,318,3,4,13,145.0,0
222,451,318,3,4,13,145.0,0
181,451,27,3,4,13,165.0,0
208,451,27,3,4,13,165.0,0
179,451,27,3,4,13,165.0,0
23,451,27,3,4,13,165.0,0
222,451,294,3,4,13,120.0,0
202,220,76,3,4,11,80.0,0
105,158,266,3,4,13,40.0,0
115,321,246,3,4,12,50.0,1
115,461,246,3,4,12,45.0,1
208,352,57,3,4,8,100.0,0
116,295,125,3,4,13,145.0,0
214,35,97,3,4,7,160.0,1
86,35,97,3,4,7,160.0,1
65,35,97,3,4,7,160.0,1
8,35,97,3,4,7,160.0,1
48,35,97,3,4,7,160.0,1
142,35,200,3,4,7,145.0,0
86,35,200,3,4,7,145.0,0
33,35,200,3,4,7,145.0,0
8,35,200,3,4,7,145.0,0
48,35,200,3,4,7,145.0,0
145,97,58,3,4,7,60.0,0
66,365,98,3,4,7,85.0,0
222,365,98,3,4,7,85.0,0
182,155,390,3,4,14,120.0,0
208,273,109,3,4,6,119.0,0
29,457,314,3,4,13,155.0,0
26,366,251,3,4,13,160.0,0
190,393,237,3,4,1,91.0,0
208,375,109,3,4,7,83.0,0
90,221,355,3,4,13,45.0,0
155,221,328,3,4,13,75.0,1
183,221,328,3,4,13,75.0,1
168,221,328,3,4,13,75.0,1
166,221,328,3,4,13,75.0,1
22,221,328,3,4,13,75.0,1
92,221,328,3,4,13,75.0,1
89,221,328,3,4,13,75.0,1
206,221,343,3,4,13,70.0,0
146,221,343,3,4,13,70.0,0
141,221,343,3,4,13,70.0,0
99,221,343,3,4,13,70.0,0
116,175,125,3,4,13,85.0,0
116,374,125,3,4,13,70.0,0
116,161,246,3,4,13,160.0,0
116,161,101,3,4,13,110.0,0
116,161,177,3,4,13,100.0,0
208,293,109,3,4,6,125.0,0
182,73,104,3,4,14,80.0,0
66,73,104,3,4,14,80.0,0
222,73,104,3,4,14,80.0,0
68,73,104,3,4,14,80.0,0
140,162,386,3,4,13,90.0,0
68,162,386,3,4,13,90.0,0
102,162,386,3,4,13,90.0,0
182,162,386,3,4,13,90.0,0
66,162,386,3,4,13,90.0,0
127,162,386,3,4,13,90.0,0
67,162,386,3,4,13,90.0,0
102,162,189,3,4,13,200.0,0
127,162,189,3,4,13,200.0,0
140,162,189,3,4,13,200.0,0
67,162,189,3,4,13,200.0,0
68,162,189,3,4,13,200.0,0
182,162,189,3,4,13,200.0,0
140,162,319,3,4,13,165.0,0
68,162,319,3,4,13,165.0,0
182,162,120,3,4,13,140.0,0
182,162,320,3,4,13,150.0,0
182,162,28,3,4,13,140.0,0
222,162,324,3,4,13,170.0,1
182,162,324,3,4,13,170.0,1
181,162,324,3,4,13,190.0,0
179,162,324,3,4,13,190.0,0
181,162,27,3,4,13,145.0,0
179,162,27,3,4,13,145.0,0
17,162,27,3,4,13,145.0,0
179,162,320,3,4,12,140.0,0
127,162,320,3,4,12,140.0,0
19,162,320,3,4,12,140.0,0
66,403,37,3,4,15,95.0,0
23,403,37,3,4,15,95.0,0
83,403,37,3,4,15,95.0,0
167,248,37,3,4,14,125.0,0
116,161,265,3,4,13,95.0,0
149,121,52,3,4,7,120.0,0
108,121,52,3,4,7,120.0,0
149,121,79,3,4,7,110.0,0
108,121,79,3,4,7,110.0,0
149,121,203,3,4,7,70.0,0
108,121,203,3,4,7,70.0,0
61,132,347,3,4,12,80.0,0
167,237,344,3,4,15,105.0,0
182,371,189,3,4,13,150.0,0
127,371,317,3,4,13,135.0,1
222,371,317,3,4,13,135.0,1
182,371,317,3,4,13,135.0,1
182,371,28,3,4,13,195.0,0
181,371,27,3,4,13,210.0,0
167,448,225,3,4,16,105.0,0
76,165,77,3,4,7,270.0,0
86,376,28,3,4,13,145.0,0
222,376,28,3,4,13,145.0,0
69,376,28,3,4,13,145.0,0
68,376,28,3,4,13,145.0,0
20,376,318,3,4,13,180.0,0
86,376,318,3,4,13,180.0,0
166,376,318,3,4,13,180.0,0
222,376,318,3,4,13,180.0,0
182,376,318,3,4,13,180.0,0
181,376,320,3,4,13,150.0,0
66,376,151,3,4,13,120.0,0
66,376,320,3,4,13,140.0,0
222,376,320,3,4,13,140.0,0
127,376,320,3,4,13,140.0,0
140,376,320,3,4,13,140.0,0
64,376,320,3,4,13,140.0,0
68,376,320,3,4,13,140.0,0
227,455,35,3,4,15,24.0,1
34,299,67,3,4,13,142.0,0
95,65,269,3,4,13,125.0,0
86,298,28,3,4,14,130.0,0
222,298,28,3,4,14,130.0,0
181,369,189,3,4,13,200.0,0
181,369,324,3,4,13,200.0,0
23,369,324,3,4,13,200.0,0
66,369,324,3,4,13,195.0,0
222,369,324,3,4,13,195.0,0
127,369,324,3,4,13,195.0,0
140,369,324,3,4,13,195.0,0
116,161,147,3,4,13,65.0,0
68,138,317,3,4,15,80.0,0
102,138,317,3,4,15,80.0,0
182,138,317,3,4,15,80.0,0
66,138,317,3,4,15,80.0,0
127,138,317,3,4,15,80.0,0
67,138,317,3,4,15,80.0,0
29,457,314,3,4,12,155.0,0
181,80,27,3,4,13,155.0,0
179,80,27,3,4,13,155.0,0
68,80,102,3,4,13,145.0,0
102,80,102,3,4,13,145.0,0
182,80,102,3,4,13,145.0,0
127,80,102,3,4,13,145.0,0
67,80,102,3,4,13,145.0,0
63,351,287,3,4,0,30.0,0
208,182,255,3,4,7,129.0,0
94,431,13,3,4,9,255.0,0
116,22,125,3,4,13,110.0,0
155,401,179,3,4,12,65.0,0
214,401,179,3,4,12,65.0,0
206,401,179,3,4,12,65.0,0
201,401,179,3,4,12,65.0,0
183,401,179,3,4,12,65.0,0
168,401,179,3,4,12,65.0,0
166,401,179,3,4,12,65.0,0
146,401,179,3,4,12,65.0,0
194,401,179,3,4,12,65.0,0
128,401,179,3,4,12,65.0,0
13,401,179,3,4,12,65.0,0
106,401,179,3,4,12,65.0,0
99,401,179,3,4,12,65.0,0
86,401,179,3,4,12,65.0,0
65,401,179,3,4,12,65.0,0
121,135,132,3,4,7,70.0,0
222,155,387,3,4,13,155.0,0
66,155,317,3,4,13,135.0,0
182,155,324,3,4,13,145.0,0
182,155,250,3,4,13,140.0,0
102,162,319,3,4,13,165.0,0
182,162,319,3,4,13,165.0,0
116,188,125,3,4,13,70.0,0
116,161,317,3,4,14,170.0,0
180,161,317,3,4,14,170.0,0
182,155,359,3,4,13,180.0,0
181,73,359,3,4,13,165.0,0
222,38,126,3,4,13,125.0,0
69,38,126,3,4,13,125.0,0
68,38,126,3,4,13,125.0,0
182,38,120,3,4,13,190.0,0
182,38,50,3,4,13,155.0,0
128,38,126,3,4,13,140.0,0
68,38,126,3,4,13,140.0,0
102,38,126,3,4,13,140.0,0
34,279,61,3,4,13,80.0,0
129,227,343,3,4,13,85.0,0
222,227,250,3,4,13,170.0,0
182,227,250,3,4,13,170.0,0
181,227,324,3,4,13,95.0,0
179,227,324,3,4,13,95.0,0
222,227,126,3,4,13,150.0,0
182,227,126,3,4,13,150.0,0
19,227,151,3,4,13,175.0,0
203,227,151,3,4,13,175.0,0
67,227,151,3,4,13,175.0,0
181,227,151,3,4,13,175.0,0
182,227,120,3,4,13,140.0,0
67,227,126,3,4,13,175.0,0
222,227,126,3,4,13,175.0,0
202,204,349,3,4,13,110.0,1
116,408,251,3,4,12,270.0,0
127,170,161,3,4,10,80.0,0
116,170,368,3,4,9,85.0,0
167,353,37,3,4,14,80.0,1
167,53,363,3,4,16,130.0,0
52,307,185,3,4,11,190.0,1
157,319,257,3,4,13,100.0,0
87,160,332,3,4,6,160.0,0
222,376,151,3,4,13,120.0,0
127,376,151,3,4,13,120.0,0
140,376,151,3,4,13,120.0,0
67,376,151,3,4,13,120.0,0
64,376,151,3,4,13,120.0,0
68,376,151,3,4,13,120.0,0
203,193,196,3,4,14,145.0,0
67,193,196,3,4,14,145.0,0
19,193,196,3,4,14,145.0,0
181,193,196,3,4,14,145.0,0
181,193,129,3,4,14,155.0,0
203,193,129,3,4,14,155.0,0
67,193,129,3,4,14,155.0,0
19,193,129,3,4,14,155.0,0
203,193,358,3,4,14,105.0,0
67,193,358,3,4,14,105.0,0
19,193,358,3,4,14,105.0,0
181,193,358,3,4,14,105.0,0
202,106,342,3,4,12,75.0,0
202,106,131,3,4,11,85.0,1
227,59,42,3,4,0,38.0,0
213,400,343,3,4,11,75.0,0
227,271,241,3,4,0,137.0,0
103,308,365,3,4,7,241.0,0
168,121,313,3,4,7,150.0,0
149,121,313,3,4,7,150.0,0
108,121,313,3,4,7,150.0,0
20,347,318,3,4,14,125.0,0
203,347,317,3,4,14,100.0,0
67,347,317,3,4,14,100.0,0
19,347,317,3,4,14,100.0,0
181,347,317,3,4,14,100.0,0
19,347,60,3,4,14,175.0,0
203,347,60,3,4,14,175.0,0
222,73,358,3,4,13,115.0,0
69,73,358,3,4,13,115.0,0
182,73,358,3,4,13,115.0,0
20,369,358,3,4,13,110.0,0
75,272,62,3,4,0,182.0,0
75,33,62,3,4,0,112.0,0
222,371,189,3,4,13,145.0,0
182,371,189,3,4,13,145.0,0
182,371,60,3,4,13,140.0,0
181,371,317,3,4,13,130.0,0
66,371,317,3,4,13,130.0,0
222,371,317,3,4,13,130.0,0
68,371,317,3,4,13,130.0,0
19,371,317,3,4,13,130.0,0
182,371,317,3,4,13,130.0,0
179,371,151,3,4,13,165.0,0
19,371,151,3,4,13,165.0,0
191,163,17,3,4,3,270.0,0
182,371,93,3,4,14,90.0,0
9,236,362,3,4,0,250.0,0
23,403,225,3,4,15,95.0,0
83,403,225,3,4,15,95.0,0
59,403,225,3,4,15,95.0,0
65,403,225,3,4,15,95.0,0
37,403,225,3,4,15,95.0,0
183,403,225,3,4,15,95.0,0
37,403,225,3,4,15,95.0,0
66,403,225,3,4,15,95.0,0
65,403,225,3,4,15,95.0,0
83,403,225,3,4,15,95.0,0
23,403,225,3,4,15,95.0,0
167,403,94,3,4,14,75.0,0
52,247,185,3,4,12,185.0,0
97,397,330,3,4,11,180.0,0
182,155,126,3,4,13,130.0,0
182,155,60,3,4,13,130.0,0
184,199,45,3,4,9,40.0,0
52,380,185,3,4,12,60.0,0
68,368,320,3,4,13,145.0,0
102,368,320,3,4,13,145.0,0
182,368,320,3,4,13,145.0,0
66,368,320,3,4,13,145.0,0
127,368,320,3,4,13,145.0,0
67,368,320,3,4,13,145.0,0
181,368,27,3,4,13,140.0,0
179,368,27,3,4,13,140.0,0
182,368,120,3,4,13,140.0,0
211,412,64,3,4,11,55.0,0
179,37,314,3,4,13,190.0,0
42,37,314,3,4,13,190.0,0
185,341,39,3,4,6,90.0,0
208,55,52,3,4,6,65.0,0
16,401,261,3,4,11,120.0,0
50,401,261,3,4,11,120.0,0
128,401,261,3,4,11,120.0,0
66,316,324,3,4,11,110.0,1
222,316,324,3,4,11,110.0,1
127,316,324,3,4,11,110.0,1
67,316,324,3,4,11,110.0,1
64,316,324,3,4,11,110.0,1
68,316,324,3,4,11,110.0,1
181,376,126,3,4,13,150.0,0
179,376,126,3,4,13,150.0,0
222,376,189,3,4,13,95.0,0
182,376,120,3,4,13,155.0,0
123,295,251,3,4,13,160.0,0
123,137,251,3,4,13,120.0,0
61,360,75,3,4,12,85.0,0
202,106,55,3,4,11,75.0,0
167,61,37,3,4,15,135.0,0
144,39,99,3,4,6,88.0,0
69,298,28,3,4,14,130.0,0
68,298,28,3,4,14,130.0,0
129,298,120,3,4,14,130.0,0
222,298,120,3,4,14,130.0,0
222,298,320,3,4,14,150.0,0
203,80,151,3,4,13,135.0,0
67,80,151,3,4,13,135.0,0
19,80,151,3,4,13,135.0,0
181,80,151,3,4,13,135.0,0
222,80,317,3,4,13,150.0,0
127,80,317,3,4,13,150.0,0
67,80,317,3,4,13,150.0,0
42,144,150,3,4,12,75.0,1
28,72,62,3,4,3,84.0,0
116,161,245,3,4,13,115.0,0
67,369,324,3,4,13,195.0,0
64,369,324,3,4,13,195.0,0
68,369,324,3,4,13,195.0,0
127,369,251,3,4,13,235.0,0
19,369,251,3,4,13,235.0,0
203,369,324,3,4,12,190.0,0
66,369,324,3,4,12,190.0,0
182,369,324,3,4,12,190.0,0
68,369,324,3,4,12,190.0,0
134,272,157,3,4,1,281.0,0
220,259,249,3,4,7,130.0,0
211,62,80,3,4,11,55.0,0
97,365,98,3,4,7,85.0,0
87,160,332,3,4,6,160.0,0
197,115,332,3,4,6,150.0,0
57,250,154,3,4,3,92.0,0
115,202,360,3,4,13,85.0,0
66,15,28,3,4,11,120.0,0
182,38,126,3,4,13,140.0,0
66,38,126,3,4,13,140.0,0
127,38,126,3,4,13,140.0,0
168,168,79,3,4,7,80.0,0
147,110,26,3,4,7,155.0,0
140,227,126,3,4,13,175.0,0
64,227,126,3,4,13,175.0,0
68,227,126,3,4,13,175.0,0
182,227,320,3,4,13,135.0,0
68,227,28,3,4,13,190.0,0
102,227,28,3,4,13,190.0,0
182,227,28,3,4,13,190.0,0
66,227,28,3,4,13,190.0,0
127,227,28,3,4,13,190.0,0
67,227,28,3,4,13,190.0,0
222,227,317,3,4,13,175.0,1
127,227,317,3,4,13,175.0,1
182,227,317,3,4,13,175.0,1
54,170,368,3,4,9,85.0,0
172,186,184,3,4,12,50.0,0
183,53,344,3,4,16,95.0,0
68,53,225,3,4,16,150.0,0
23,53,225,3,4,16,150.0,0
59,53,225,3,4,16,150.0,0
111,53,225,3,4,16,150.0,0
83,53,225,3,4,16,150.0,0
183,53,344,3,4,16,95.0,0
167,53,41,3,4,14,60.0,0
167,53,291,3,4,14,75.0,0
167,53,299,3,4,14,85.0,0
19,73,151,3,4,12,165.0,0
203,73,151,3,4,12,165.0,0
67,73,151,3,4,12,165.0,0
181,73,151,3,4,12,165.0,0
202,380,76,3,4,12,90.0,0
202,106,248,3,4,11,75.0,0
182,157,120,3,4,16,85.0,0
23,37,67,3,4,15,70.0,0
141,37,67,3,4,15,70.0,0
182,73,67,3,4,13,190.0,0
86,369,67,3,4,14,110.0,0
66,268,37,3,4,15,140.0,0
23,268,37,3,4,15,140.0,0
111,268,37,3,4,15,140.0,0
83,268,37,3,4,15,140.0,0
183,268,344,3,4,15,85.0,0
37,268,344,3,4,15,85.0,0
83,268,344,3,4,15,85.0,0
23,268,344,3,4,15,85.0,0
183,268,37,3,4,15,130.0,0
37,268,344,3,4,15,85.0,0
23,268,344,3,4,15,85.0,0
111,268,344,3,4,15,85.0,0
166,203,280,3,4,18,75.0,0
56,208,365,3,4,6,155.0,0
181,450,27,3,4,13,175.0,0
179,450,27,3,4,13,175.0,0
17,450,27,3,4,13,175.0,0
222,450,387,3,4,13,175.0,0
213,113,343,3,4,11,80.0,0
181,451,314,3,4,13,230.0,0
127,451,317,3,4,13,130.0,0
222,451,317,3,4,13,130.0,0
86,451,28,3,4,13,120.0,0
222,451,28,3,4,13,120.0,0
69,451,28,3,4,13,120.0,0
182,451,120,3,4,13,175.0,0
222,451,189,3,4,12,155.0,0
67,451,189,3,4,12,155.0,0
222,451,386,3,4,12,170.0,0
182,451,386,3,4,12,170.0,0
66,451,314,3,4,12,240.0,0
203,451,189,3,4,12,140.0,0
19,451,189,3,4,12,140.0,0
181,451,189,3,4,12,140.0,0
181,451,318,3,4,12,150.0,0
179,451,318,3,4,12,150.0,0
23,451,318,3,4,12,150.0,0
127,451,318,3,4,12,150.0,0
181,451,27,3,4,12,135.0,0
179,451,27,3,4,12,135.0,0
23,451,27,3,4,12,135.0,0
105,278,266,3,4,13,55.0,0
109,35,263,3,4,6,111.0,0
31,39,310,3,4,12,170.0,0
227,339,381,3,4,15,36.0,0
67,347,60,3,4,14,175.0,0
181,347,60,3,4,14,175.0,0
203,347,129,3,4,13,150.0,0
67,347,129,3,4,13,150.0,0
19,347,129,3,4,13,150.0,0
181,347,129,3,4,13,150.0,0
222,347,358,3,4,13,135.0,0
179,347,125,3,4,13,250.0,0
19,347,125,3,4,13,250.0,0
86,369,358,3,4,13,110.0,0
128,369,358,3,4,13,110.0,0
127,369,358,3,4,13,110.0,0
182,416,386,3,4,14,110.0,0
182,416,189,3,4,14,130.0,0
182,371,126,3,4,13,140.0,0
86,371,318,3,4,13,145.0,0
166,371,318,3,4,13,145.0,0
77,371,318,3,4,13,145.0,0
222,371,318,3,4,13,145.0,0
127,371,318,3,4,13,145.0,0
182,371,317,3,4,13,140.0,0
181,371,27,3,4,13,195.0,0
208,371,27,3,4,13,195.0,0
181,371,324,3,4,12,150.0,1
179,371,317,3,4,12,150.0,0
182,376,189,3,4,13,95.0,0
80,50,16,3,4,9,90.0,0
86,50,16,3,4,9,90.0,0
227,402,383,3,4,14,21.0,0
52,396,182,3,4,12,155.0,0
86,369,93,3,4,13,200.0,0
128,369,93,3,4,13,200.0,0
127,369,93,3,4,13,200.0,0
222,369,93,3,4,13,200.0,0
181,376,93,3,4,13,155.0,0
179,376,93,3,4,13,155.0,0
131,376,93,3,4,13,155.0,0
140,376,93,3,4,13,155.0,0
64,376,93,3,4,13,155.0,0
19,376,93,3,4,13,155.0,0
123,295,251,3,4,12,160.0,1
4,299,54,3,4,13,145.0,0
123,299,246,3,4,13,190.0,0
167,422,344,3,4,14,110.0,0
167,84,344,3,4,13,85.0,0
111,403,225,3,4,15,95.0,0
227,212,226,3,4,15,50.0,0
186,441,253,3,4,16,50.0,0
12,0,357,3,4,8,350.0,0
208,161,101,3,4,15,115.0,0
116,79,101,3,4,13,155.0,0
123,299,101,3,4,13,135.0,0
138,443,44,3,4,13,80.0,1
72,29,145,3,4,8,130.0,1
140,369,324,3,4,12,190.0,0
54,369,93,3,4,12,200.0,0
203,369,294,3,4,12,95.0,0
67,369,294,3,4,12,95.0,0
19,369,294,3,4,12,95.0,0
181,369,294,3,4,12,95.0,0
20,369,189,3,4,12,200.0,1
86,369,189,3,4,12,200.0,1
222,369,189,3,4,12,200.0,1
181,369,60,3,4,12,170.0,1
179,369,60,3,4,12,170.0,1
23,369,60,3,4,12,170.0,1
194,369,60,3,4,12,170.0,1
116,369,125,3,4,12,230.0,0
66,369,125,3,4,12,230.0,0
87,395,332,3,4,6,120.0,0
85,134,313,3,4,7,70.0,0
17,134,313,3,4,7,70.0,0
227,448,20,3,4,15,32.0,0
116,317,125,3,4,13,105.0,0
116,410,125,3,4,13,80.0,0
116,137,125,3,4,12,105.0,0
116,294,125,3,4,12,100.0,0
116,202,125,3,4,12,100.0,0
116,161,18,3,4,13,75.0,0
117,161,180,3,4,13,65.0,0
116,161,351,3,4,13,80.0,0
61,93,143,3,4,12,85.0,0
11,163,368,3,4,7,132.0,0
148,291,220,3,4,10,80.0,0
94,12,323,3,4,10,85.0,0
159,67,327,3,4,0,50.0,1
78,401,179,3,4,12,65.0,0
16,380,355,3,4,13,75.0,1
97,380,355,3,4,13,75.0,1
86,380,355,3,4,13,75.0,1
182,155,28,3,4,13,185.0,0
77,155,318,3,4,13,160.0,0
66,155,318,3,4,13,160.0,0
182,155,317,3,4,13,145.0,0
182,155,387,3,4,13,160.0,0
182,155,283,3,4,12,165.0,0
182,155,294,3,4,12,185.0,0
181,155,151,3,4,12,160.0,0
203,155,151,3,4,12,160.0,0
67,155,151,3,4,12,160.0,0
19,155,151,3,4,12,160.0,0
86,155,28,3,4,12,180.0,0
222,155,28,3,4,12,180.0,0
69,155,28,3,4,12,180.0,0
214,155,355,3,4,12,115.0,0
182,155,355,3,4,12,115.0,0
182,155,328,3,4,12,245.0,0
181,155,27,3,4,12,200.0,0
208,155,27,3,4,12,200.0,0
17,155,27,3,4,12,200.0,0
182,155,151,3,4,12,165.0,0
66,155,317,3,4,12,140.0,0
66,162,319,3,4,13,165.0,0
67,162,319,3,4,13,165.0,0
66,369,319,3,4,14,145.0,0
67,193,319,3,4,14,105.0,0
127,368,189,3,4,13,195.0,0
222,368,189,3,4,13,195.0,0
182,368,189,3,4,13,195.0,0
19,368,125,3,4,13,250.0,0
222,368,27,3,4,13,135.0,0
181,368,27,3,4,13,150.0,0
208,368,27,3,4,13,150.0,0
179,368,27,3,4,13,150.0,0
90,412,343,3,4,13,90.0,0
208,390,57,3,4,6,107.0,0
52,221,278,3,4,12,60.0,0
19,162,350,3,4,14,140.0,0
203,162,350,3,4,14,140.0,0
67,162,350,3,4,14,140.0,0
181,162,350,3,4,14,140.0,0
222,298,350,3,4,14,135.0,0
66,409,51,3,4,9,125.0,1
174,207,11,3,4,6,140.0,0
94,24,13,3,4,10,105.0,0
94,24,191,3,4,10,30.0,0
208,56,375,3,4,6,84.0,0
42,401,283,3,4,13,90.0,0
167,102,225,3,4,13,70.0,0
182,162,129,3,4,12,195.0,0
182,162,120,3,4,12,140.0,0
222,162,120,3,4,12,130.0,1
129,162,120,3,4,12,130.0,1
182,162,120,3,4,12,130.0,1
182,162,28,3,4,12,140.0,0
208,139,57,3,4,5,63.0,0
129,227,120,3,4,12,135.0,0
222,227,120,3,4,12,135.0,0
182,227,120,3,4,12,135.0,0
181,227,27,3,4,12,220.0,0
179,227,27,3,4,12,220.0,0
222,227,60,3,4,12,100.0,0
67,227,60,3,4,12,100.0,0
182,227,60,3,4,12,100.0,0
182,155,316,3,4,12,125.0,0
208,358,109,3,4,5,68.0,0
202,106,170,3,4,11,65.0,0
152,301,37,3,4,15,155.0,1
167,424,37,3,4,15,115.0,0
111,403,37,3,4,15,90.0,1
21,53,344,3,4,16,95.0,0
66,53,344,3,4,16,100.0,0
65,53,344,3,4,16,100.0,0
39,53,344,3,4,16,100.0,0
37,53,344,3,4,16,100.0,0
23,53,344,3,4,16,100.0,0
167,53,111,3,4,15,70.0,0
167,176,225,3,4,14,85.0,0
19,311,120,3,4,13,175.0,0
208,285,375,3,4,6,66.0,0
208,125,71,3,4,6,55.0,0
208,354,255,3,4,7,81.0,0
227,92,301,3,4,14,45.0,0
208,334,57,3,4,6,80.0,0
208,334,255,3,4,6,111.0,0
75,334,62,3,4,0,83.0,0
208,45,71,3,4,5,115.0,0
52,222,185,3,4,10,240.0,0
208,142,109,3,4,6,126.0,0
202,106,55,3,4,11,75.0,1
34,81,238,3,4,13,85.0,1
123,81,101,3,4,13,90.0,0
167,98,12,3,4,14,130.0,0
68,155,102,3,4,13,95.0,0
102,155,102,3,4,13,95.0,0
182,155,102,3,4,13,95.0,0
66,155,102,3,4,13,95.0,0
127,155,102,3,4,13,95.0,0
67,155,102,3,4,13,95.0,0
182,80,319,3,4,13,190.0,0
54,369,49,3,4,12,180.0,0
182,451,49,3,4,12,175.0,0
66,369,49,3,4,12,160.0,1
182,155,392,3,4,14,140.0,0
183,380,355,3,4,13,75.0,1
16,380,261,3,4,13,150.0,0
97,380,261,3,4,13,150.0,0
183,380,261,3,4,13,150.0,0
183,380,343,3,4,12,95.0,0
216,380,343,3,4,12,90.0,0
23,37,49,3,4,13,115.0,1
127,37,317,3,4,13,125.0,0
222,37,317,3,4,13,125.0,0
182,37,317,3,4,13,125.0,0
181,37,60,3,4,13,165.0,0
179,37,60,3,4,13,165.0,0
181,37,324,3,4,13,180.0,0
181,37,50,3,4,13,165.0,0
23,37,50,3,4,13,165.0,0
181,37,320,3,4,13,205.0,0
34,37,125,3,4,12,280.0,0
203,37,102,3,4,12,165.0,0
67,37,102,3,4,12,165.0,0
19,37,102,3,4,12,165.0,0
67,298,350,3,4,14,135.0,0
222,368,350,3,4,13,145.0,0
123,299,159,3,4,12,125.0,0
115,137,159,3,4,12,50.0,0
61,132,312,3,4,11,70.0,1
167,53,363,3,4,14,130.0,0
167,424,344,3,4,14,165.0,0
35,255,37,3,4,15,90.0,0
67,38,126,3,4,13,140.0,0
128,38,386,3,4,13,165.0,0
68,38,386,3,4,13,165.0,0
102,38,386,3,4,13,165.0,0
182,38,386,3,4,13,165.0,0
66,38,386,3,4,13,165.0,0
127,38,386,3,4,13,165.0,0
67,38,386,3,4,13,165.0,0
182,38,60,3,4,13,170.0,0
182,38,93,3,4,13,230.0,0
222,38,318,3,4,13,135.0,0
69,38,318,3,4,13,135.0,0
68,38,318,3,4,13,135.0,0
177,38,318,3,4,13,135.0,0
166,38,318,3,4,13,135.0,0
86,38,318,3,4,13,135.0,0
77,38,318,3,4,13,135.0,0
182,38,324,3,4,13,180.0,0
86,38,387,3,4,13,135.0,0
222,38,387,3,4,13,135.0,0
69,38,387,3,4,13,135.0,0
182,38,320,3,4,13,205.0,0
182,38,387,3,4,12,135.0,0
203,38,324,3,4,12,170.0,0
66,38,324,3,4,12,170.0,0
182,38,324,3,4,12,170.0,0
140,38,324,3,4,12,170.0,0
86,38,126,3,4,12,120.0,0
222,38,126,3,4,12,120.0,0
69,38,126,3,4,12,120.0,0
68,38,126,3,4,12,120.0,0
182,38,120,3,4,12,190.0,0
222,368,359,3,4,14,120.0,0
181,162,359,3,4,13,135.0,0
189,83,232,3,4,0,145.0,0
196,170,313,3,4,8,95.0,0
116,170,313,3,4,8,95.0,0
108,170,313,3,4,8,95.0,0
59,170,313,3,4,8,95.0,0
188,170,132,3,4,8,70.0,0
202,167,76,3,4,10,90.0,0
66,73,388,3,4,13,110.0,0
222,73,388,3,4,13,110.0,0
127,73,388,3,4,13,110.0,0
140,73,388,3,4,13,110.0,0
64,73,388,3,4,13,110.0,0
68,73,388,3,4,13,110.0,0
181,376,388,3,4,14,85.0,0
179,193,320,3,4,13,175.0,0
19,193,320,3,4,13,175.0,0
68,193,386,3,4,13,130.0,0
102,193,386,3,4,13,130.0,0
182,193,386,3,4,13,130.0,0
67,193,386,3,4,13,130.0,0
219,52,105,3,4,6,60.0,0
194,465,124,3,4,8,90.0,0
44,315,391,3,4,13,140.0,0
128,369,67,3,4,14,110.0,0
166,369,67,3,4,14,110.0,0
222,369,67,3,4,14,110.0,0
203,450,189,3,4,13,160.0,0
19,450,189,3,4,13,160.0,0
181,450,189,3,4,13,160.0,0
203,450,324,3,4,13,175.0,0
66,450,324,3,4,13,175.0,0
140,450,324,3,4,13,175.0,0
68,450,324,3,4,13,175.0,0
182,450,324,3,4,13,175.0,0
68,450,317,3,4,13,105.0,0
102,450,317,3,4,13,105.0,0
182,450,317,3,4,13,105.0,0
66,450,317,3,4,13,105.0,0
127,450,317,3,4,13,105.0,0
67,450,317,3,4,13,105.0,0
102,450,387,3,4,12,175.0,1
127,450,387,3,4,12,175.0,1
67,450,387,3,4,12,175.0,1
188,268,344,3,4,15,85.0,0
83,268,344,3,4,15,85.0,0
65,268,344,3,4,15,85.0,0
111,268,37,3,4,15,135.0,0
183,268,344,3,4,15,85.0,0
183,268,344,3,4,14,85.0,0
37,268,344,3,4,14,85.0,0
39,268,344,3,4,14,85.0,0
23,268,344,3,4,14,85.0,0
83,268,344,3,4,14,85.0,0
111,268,344,3,4,14,85.0,0
206,414,343,3,4,9,80.0,0
82,414,343,3,4,9,80.0,0
161,117,90,3,4,13,22.0,0
90,401,355,3,4,11,90.0,1
16,401,355,3,4,11,105.0,0
50,401,355,3,4,11,105.0,0
128,401,355,3,4,11,105.0,0
182,401,120,3,4,11,230.0,0
50,401,328,3,4,11,195.0,1
17,401,328,3,4,11,195.0,1
183,401,328,3,4,10,210.0,1
213,401,65,3,4,10,105.0,1
208,150,255,3,4,6,84.0,0
164,415,234,3,4,2,85.0,0
140,316,387,3,4,11,140.0,0
64,316,387,3,4,11,140.0,0
179,316,387,3,4,11,140.0,0
181,316,387,3,4,11,140.0,0
19,316,387,3,4,11,140.0,0
116,161,246,3,4,11,170.0,1
116,295,125,3,4,12,140.0,0
162,309,347,3,4,11,90.0,0
128,38,152,3,4,14,155.0,0
102,38,152,3,4,14,155.0,0
66,38,152,3,4,14,155.0,0
127,38,152,3,4,14,155.0,0
140,376,317,3,4,12,155.0,0
179,376,317,3,4,12,155.0,0
64,376,317,3,4,12,155.0,0
181,376,317,3,4,12,155.0,0
19,376,317,3,4,12,155.0,0
181,376,359,3,4,12,165.0,0
181,376,27,3,4,12,160.0,1
208,376,27,3,4,12,160.0,1
86,376,28,3,4,12,155.0,0
222,376,28,3,4,12,155.0,0
69,376,28,3,4,12,155.0,0
182,376,28,3,4,12,155.0,0
68,376,28,3,4,12,155.0,0
181,376,318,3,4,12,185.0,0
179,376,318,3,4,12,185.0,0
23,376,318,3,4,12,185.0,0
182,376,28,3,4,12,165.0,0
57,250,201,3,4,3,99.0,0
116,79,125,3,4,12,100.0,0
182,371,28,3,4,12,190.0,0
182,371,387,3,4,12,170.0,0
67,80,50,3,4,13,90.0,0
66,80,50,3,4,13,90.0,0
222,80,50,3,4,13,90.0,0
64,80,50,3,4,13,90.0,0
68,80,50,3,4,13,90.0,0
167,88,344,3,4,13,65.0,0
186,441,385,3,4,15,30.0,0
208,91,109,3,4,5,71.0,0
208,195,57,3,4,6,111.0,0
140,369,129,3,4,11,190.0,0
102,369,129,3,4,11,190.0,0
182,369,129,3,4,11,190.0,0
127,369,129,3,4,11,190.0,0
67,369,129,3,4,11,190.0,0
29,434,97,3,4,8,90.0,1
61,364,216,3,4,13,65.0,1
111,225,36,3,4,9,50.0,0
71,115,332,3,4,5,145.0,0
71,395,332,3,4,5,125.0,0
208,305,53,3,4,7,128.0,0
130,366,251,3,4,13,150.0,0
155,216,283,3,4,14,60.0,0
206,216,283,3,4,14,60.0,0
201,216,283,3,4,14,60.0,0
182,306,28,3,4,12,225.0,0
167,53,48,3,4,15,110.0,0
167,1,290,3,4,13,55.0,0
52,221,283,3,4,12,30.0,0
127,368,50,3,4,13,110.0,0
222,368,50,3,4,13,110.0,0
203,368,294,3,4,13,105.0,0
67,368,294,3,4,13,105.0,0
19,368,294,3,4,13,105.0,0
181,368,294,3,4,13,105.0,0
127,368,386,3,4,13,105.0,0
222,368,386,3,4,13,105.0,0
127,368,27,3,4,13,130.0,0
222,368,27,3,4,13,130.0,0
182,368,27,3,4,13,130.0,0
203,368,324,3,4,13,190.0,0
66,368,324,3,4,13,190.0,0
182,368,324,3,4,13,190.0,0
68,368,324,3,4,13,190.0,0
140,368,324,3,4,13,190.0,0
66,368,320,3,4,12,155.0,0
182,369,129,3,4,11,175.0,0
203,73,129,3,4,10,230.0,0
181,73,129,3,4,10,230.0,0
211,89,355,3,4,10,65.0,0
19,164,151,3,4,14,135.0,0
140,164,151,3,4,14,125.0,0
68,164,151,3,4,14,125.0,0
102,164,151,3,4,14,125.0,0
182,164,151,3,4,14,125.0,0
67,164,151,3,4,14,125.0,0
36,177,160,3,4,0,35.0,0
116,161,59,3,4,13,95.0,0
116,161,186,3,4,12,105.0,0
116,161,101,3,4,12,110.0,1
116,161,361,3,4,12,75.0,0
82,401,283,3,4,13,90.0,0
99,401,283,3,4,13,90.0,0
115,202,268,3,4,12,90.0,1
222,162,189,3,4,12,190.0,0
182,162,189,3,4,12,190.0,0
140,162,120,3,4,12,135.0,0
68,162,120,3,4,12,135.0,0
102,162,120,3,4,12,135.0,0
182,162,120,3,4,12,135.0,0
66,162,120,3,4,12,135.0,0
127,162,120,3,4,12,135.0,0
67,162,120,3,4,12,135.0,0
67,162,387,3,4,12,145.0,1
106,162,387,3,4,12,145.0,1
182,162,49,3,4,11,190.0,0
222,162,387,3,4,11,160.0,0
182,162,387,3,4,11,160.0,0
67,162,387,3,4,11,160.0,0
65,403,37,3,4,15,95.0,1
37,403,37,3,4,15,95.0,1
66,403,37,3,4,15,95.0,1
83,403,37,3,4,15,95.0,1
23,403,37,3,4,15,95.0,1
83,53,344,3,4,16,100.0,0
111,53,344,3,4,16,100.0,0
183,53,225,3,4,15,145.0,0
66,53,225,3,4,15,150.0,0
23,53,225,3,4,15,150.0,0
111,53,225,3,4,15,150.0,0
24,53,225,3,4,15,150.0,0
83,53,225,3,4,15,150.0,0
83,53,344,3,4,15,100.0,0
65,53,344,3,4,15,100.0,0
37,53,344,3,4,15,100.0,0
23,53,344,3,4,15,100.0,0
151,53,239,3,4,15,83.0,1
35,53,299,3,4,15,80.0,0
167,53,215,3,4,14,105.0,0
181,369,67,3,4,14,110.0,0
66,369,67,3,4,14,110.0,0
68,369,67,3,4,14,110.0,0
182,369,67,3,4,14,110.0,0
190,300,165,3,4,1,89.0,0
203,193,102,3,4,12,125.0,0
67,193,102,3,4,12,125.0,0
19,193,102,3,4,12,125.0,0
181,193,102,3,4,12,125.0,0
140,193,387,3,4,12,110.0,0
64,193,387,3,4,12,110.0,0
179,193,387,3,4,12,110.0,0
181,193,387,3,4,12,110.0,0
19,193,387,3,4,12,110.0,0
181,401,189,3,4,10,195.0,0
50,401,318,3,4,10,315.0,0
102,69,93,3,4,14,160.0,0
140,69,93,3,4,14,160.0,0
67,69,93,3,4,14,160.0,0
68,69,93,3,4,14,160.0,0
182,69,93,3,4,14,160.0,0
140,69,196,3,4,14,145.0,0
77,69,318,3,4,14,125.0,0
66,69,318,3,4,14,125.0,0
68,69,386,3,4,14,95.0,0
102,69,386,3,4,14,95.0,0
182,69,386,3,4,14,95.0,0
66,69,386,3,4,14,95.0,0
67,69,386,3,4,14,95.0,0
182,69,189,3,4,14,125.0,0
68,69,189,3,4,14,125.0,0
140,69,189,3,4,14,125.0,0
203,69,189,3,4,14,125.0,0
181,69,27,3,4,14,150.0,0
23,69,27,3,4,14,150.0,0
208,445,57,3,4,6,91.0,0
179,73,250,3,4,11,145.0,0
127,73,250,3,4,11,145.0,0
222,298,50,3,4,13,95.0,1
222,298,386,3,4,13,115.0,0
67,298,60,3,4,13,130.0,1
169,298,60,3,4,13,130.0,1
66,298,60,3,4,13,130.0,1
222,298,60,3,4,13,130.0,1
68,298,60,3,4,13,130.0,1
208,382,71,3,4,6,53.0,0
182,69,204,3,4,15,95.0,0
116,188,125,3,4,12,75.0,0
140,34,60,3,4,10,110.0,0
64,34,60,3,4,10,110.0,0
179,34,60,3,4,10,110.0,0
181,34,60,3,4,10,110.0,0
19,34,60,3,4,10,110.0,0
66,80,320,3,4,13,135.0,0
222,80,320,3,4,13,135.0,0
127,80,320,3,4,13,135.0,0
67,80,320,3,4,13,135.0,0
64,80,320,3,4,13,135.0,0
68,80,320,3,4,13,135.0,0
181,80,27,3,4,13,150.0,0
179,80,27,3,4,13,150.0,0
182,80,28,3,4,12,150.0,0
174,19,30,3,4,7,148.0,1
6,87,202,3,4,12,110.0,0
52,221,195,3,4,12,65.0,0
208,251,57,3,4,6,67.0,0
181,37,392,3,4,14,100.0,1
23,37,392,3,4,14,100.0,1
141,37,392,3,4,14,100.0,1
182,463,60,3,4,14,120.0,0
198,365,341,3,4,12,240.0,0
46,4,141,3,4,3,150.0,1
107,304,13,3,4,11,120.0,0
111,277,254,3,4,10,50.0,0
67,80,350,3,4,13,115.0,0
222,80,350,3,4,13,115.0,0
78,407,219,3,4,11,50.0,0
116,161,123,3,4,12,80.0,0
105,319,123,3,4,12,40.0,0
32,342,70,3,4,13,67.0,0
222,227,151,3,4,12,175.0,0
182,227,151,3,4,12,175.0,0
41,272,84,3,4,0,164.0,0
213,204,349,3,4,12,120.0,1
222,73,386,3,4,10,165.0,0
68,73,386,3,4,10,165.0,0
68,450,387,3,4,12,175.0,1
182,450,387,3,4,12,175.0,1
19,27,296,3,4,14,115.0,0
102,451,102,3,4,12,155.0,0
66,451,102,3,4,12,155.0,0
127,451,102,3,4,12,155.0,0
67,451,102,3,4,12,155.0,0
68,451,102,3,4,12,155.0,0
182,451,102,3,4,12,155.0,0
167,403,221,3,4,14,100.0,0
168,184,3,3,4,2,150.0,0
7,184,3,3,4,2,150.0,0
8,184,3,3,4,2,150.0,0
123,295,164,3,4,12,130.0,0
67,38,152,3,4,14,155.0,0
116,81,59,3,4,12,100.0,0
123,79,251,3,4,12,95.0,0
26,299,314,3,4,12,160.0,0
123,299,21,3,4,12,115.0,0
123,299,178,3,4,12,100.0,0
227,438,374,3,4,13,51.0,0
167,20,344,3,4,13,75.0,0
167,411,344,3,4,13,70.0,0
167,109,344,3,4,13,70.0,0
37,403,225,3,4,14,95.0,0
111,403,225,3,4,14,95.0,0
23,403,225,3,4,14,95.0,0
83,403,225,3,4,14,95.0,0
111,403,225,3,4,14,95.0,0
221,245,194,3,4,5,110.0,0
181,73,318,3,4,9,170.0,0
179,73,318,3,4,9,170.0,0
20,73,318,3,4,9,170.0,0
86,73,318,3,4,9,170.0,0
214,73,318,3,4,9,170.0,0
222,73,318,3,4,9,170.0,0
54,369,129,3,4,11,175.0,0
20,369,324,3,4,11,220.0,0
86,369,324,3,4,11,220.0,0
128,369,324,3,4,11,220.0,0
222,369,324,3,4,11,220.0,0
182,369,324,3,4,11,220.0,0
20,369,387,3,4,11,135.0,0
86,369,387,3,4,11,135.0,0
128,369,387,3,4,11,135.0,0
222,369,387,3,4,11,135.0,0
127,369,387,3,4,11,135.0,0
160,356,331,3,4,6,84.0,0
127,369,314,3,4,11,170.0,0
172,462,264,3,4,14,30.0,0
75,303,36,3,4,9,75.0,0
57,272,212,3,4,0,145.0,0
167,63,344,3,4,13,55.0,0
126,327,163,3,4,5,35.0,0
182,155,387,3,4,12,155.0,0
182,155,126,3,4,12,130.0,0
167,122,37,3,4,14,80.0,0
66,403,2,3,4,16,100.0,0
37,403,2,3,4,16,100.0,0
65,403,2,3,4,16,100.0,0
111,403,2,3,4,16,100.0,0
59,403,2,3,4,16,100.0,0
23,403,2,3,4,16,100.0,0
83,403,2,3,4,16,100.0,0
24,403,2,3,4,16,100.0,0
183,403,2,3,4,16,100.0,0
168,403,2,3,4,16,100.0,0
68,403,2,3,4,16,100.0,0
227,444,2,3,4,16,36.0,0
151,343,2,3,4,15,67.0,0
67,451,319,3,4,13,155.0,0
222,162,319,3,4,12,160.0,0
102,162,319,3,4,12,160.0,0
54,369,319,3,4,12,165.0,0
203,347,319,3,4,13,105.0,0
67,347,319,3,4,13,105.0,0
19,347,319,3,4,13,105.0,0
181,347,319,3,4,13,105.0,0
182,451,319,3,4,12,155.0,0
52,398,185,3,4,11,60.0,0
69,368,28,3,4,12,140.0,0
66,368,28,3,4,12,140.0,0
182,368,120,3,4,12,145.0,0
66,368,125,3,4,12,245.0,0
180,368,125,3,4,12,245.0,0
127,368,60,3,4,12,165.0,0
222,368,60,3,4,12,165.0,0
67,368,60,3,4,12,165.0,0
182,368,320,3,4,12,160.0,0
181,368,120,3,4,12,150.0,0
179,368,120,3,4,12,150.0,0
222,368,324,3,4,12,190.0,0
182,368,324,3,4,12,190.0,0
127,368,120,3,4,12,135.0,0
222,368,120,3,4,12,135.0,0
182,368,120,3,4,12,135.0,0
222,368,387,3,4,12,140.0,0
127,368,387,3,4,12,140.0,0
181,368,27,3,4,12,135.0,0
179,368,27,3,4,12,135.0,0
214,412,386,3,4,12,255.0,0
68,412,386,3,4,12,255.0,0
214,412,328,3,4,12,180.0,0
216,412,328,3,4,12,180.0,0
23,412,328,3,4,12,180.0,0
194,412,328,3,4,12,180.0,0
141,412,328,3,4,12,180.0,0
21,412,328,3,4,12,180.0,0
90,412,261,3,4,12,130.0,1
167,332,256,3,4,13,105.0,0
167,332,289,3,4,13,130.0,0
151,332,162,3,4,12,42.0,0
181,37,102,3,4,12,165.0,0
181,37,126,3,4,12,130.0,0
179,37,126,3,4,12,130.0,0
181,37,317,3,4,12,135.0,0
179,37,317,3,4,12,135.0,0
68,80,350,3,4,13,115.0,0
116,223,125,3,4,12,100.0,0
116,175,125,3,4,12,80.0,0
117,320,125,3,4,12,80.0,0
116,420,125,3,4,12,75.0,0
116,161,317,3,4,13,125.0,0
66,161,317,3,4,13,125.0,0
116,161,164,3,4,12,85.0,0
116,161,245,3,4,12,115.0,0
116,161,228,3,4,12,105.0,0
116,161,190,3,4,12,95.0,0
116,161,223,3,4,12,90.0,0
116,161,318,3,4,11,140.0,1
208,250,57,3,4,5,40.0,0
115,454,159,3,4,11,40.0,0
213,76,283,3,4,10,130.0,0
52,337,185,3,4,10,130.0,0
104,329,363,3,4,15,134.0,0
104,424,273,3,4,16,13.0,0
167,98,293,3,4,13,60.0,0
34,137,238,3,4,12,45.0,0
34,279,101,3,4,12,55.0,0
66,227,317,3,4,12,185.0,0
181,227,317,3,4,12,185.0,0
182,227,317,3,4,12,185.0,0
68,227,317,3,4,12,185.0,0
19,227,317,3,4,12,185.0,0
227,201,44,3,4,14,167.0,1
19,162,320,3,4,11,135.0,0
179,162,320,3,4,11,135.0,0
182,162,120,3,4,11,130.0,0
182,162,320,3,4,11,135.0,0
52,221,76,3,4,11,75.0,0
202,425,76,3,4,10,85.0,0
202,77,76,3,4,10,80.0,0
202,106,56,3,4,10,85.0,0
20,143,81,3,4,7,80.0,0
183,403,37,3,4,15,90.0,0
183,53,344,3,4,15,95.0,0
167,53,2,3,4,14,145.0,0
208,232,57,3,4,0,78.0,0
203,370,151,3,4,11,105.0,0
19,370,151,3,4,11,105.0,0
181,370,151,3,4,11,105.0,0
140,193,93,3,4,12,210.0,0
106,193,93,3,4,12,210.0,0
227,402,113,3,4,13,145.0,0
140,34,387,3,4,10,115.0,0
64,34,387,3,4,10,115.0,0
179,34,387,3,4,10,115.0,0
181,34,387,3,4,10,115.0,0
19,34,387,3,4,10,115.0,0
209,104,171,3,4,6,105.0,0
222,451,102,3,4,12,165.0,0
222,451,126,3,4,12,145.0,0
67,451,126,3,4,12,145.0,0
182,451,126,3,4,12,145.0,0
182,451,320,3,4,12,170.0,0
222,451,28,3,4,12,120.0,0
112,40,198,3,4,10,54.0,0
167,88,225,3,4,13,70.0,0
23,268,37,3,4,14,140.0,0
59,268,37,3,4,14,140.0,0
83,268,37,3,4,14,140.0,0
111,268,37,3,4,14,140.0,0
183,268,37,3,4,14,130.0,0
183,268,344,3,4,14,85.0,0
111,268,344,3,4,13,85.0,0
66,268,23,3,4,13,340.0,0
111,268,23,3,4,13,340.0,0
89,268,23,3,4,13,340.0,0
65,268,23,3,4,13,340.0,0
27,268,23,3,4,13,340.0,0
83,268,23,3,4,13,340.0,0
183,268,344,3,4,13,85.0,0
37,268,344,3,4,13,85.0,0
111,268,344,3,4,13,85.0,0
23,268,344,3,4,13,85.0,0
83,268,344,3,4,13,85.0,0
65,268,344,3,4,13,85.0,0
213,401,131,3,4,11,90.0,0
121,140,132,3,4,7,45.0,0
227,128,113,3,4,14,137.0,0
182,416,28,3,4,13,115.0,0
67,376,114,3,4,14,140.0,0
167,448,37,3,4,14,80.0,0
180,73,379,3,4,14,160.0,0
69,73,379,3,4,14,160.0,0
66,73,379,3,4,14,160.0,0
182,73,50,3,4,12,120.0,0
140,69,388,3,4,13,180.0,0
68,69,388,3,4,13,180.0,0
102,69,388,3,4,13,180.0,0
182,69,388,3,4,13,180.0,0
67,69,388,3,4,13,180.0,0
66,69,318,3,4,13,120.0,0
44,315,217,3,4,11,205.0,0
16,311,211,3,4,13,65.0,1
105,5,266,3,4,12,65.0,0
179,298,350,3,4,13,110.0,0
127,298,350,3,4,13,110.0,0
116,189,125,3,4,11,80.0,0
34,217,101,3,4,12,90.0,0
115,202,101,3,4,12,60.0,0
208,185,255,3,4,6,98.0,0
222,227,204,3,4,13,170.0,1
182,227,204,3,4,13,170.0,1
116,14,147,3,4,12,90.0,0
116,161,147,3,4,12,65.0,0
208,324,375,3,4,6,110.0,0
68,73,102,3,4,11,155.0,0
102,73,102,3,4,11,155.0,0
127,80,317,3,4,11,140.0,0
222,80,317,3,4,11,140.0,0
182,80,317,3,4,11,140.0,0
181,460,359,3,4,15,120.0,0
203,460,151,3,4,14,115.0,0
67,460,151,3,4,14,115.0,0
19,460,151,3,4,14,115.0,0
181,460,151,3,4,14,115.0,0
179,460,120,3,4,13,195.0,0
19,460,120,3,4,13,195.0,0
182,463,120,3,4,13,145.0,0
211,89,47,3,4,9,50.0,0
213,429,343,3,4,10,70.0,0
202,429,76,3,4,9,60.0,1
89,401,179,3,4,12,65.0,0
206,401,179,3,4,12,65.0,0
201,401,179,3,4,12,65.0,0
146,401,179,3,4,12,65.0,0
86,401,179,3,4,12,65.0,0
59,401,179,3,4,12,65.0,0
65,401,179,3,4,12,65.0,0
78,401,179,3,4,12,65.0,0
183,216,283,3,4,14,60.0,0
168,216,283,3,4,14,60.0,0
146,216,283,3,4,14,60.0,0
86,216,283,3,4,14,60.0,0
83,216,283,3,4,14,60.0,0
155,216,343,3,4,14,75.0,0
214,216,343,3,4,14,75.0,0
206,216,343,3,4,14,75.0,0
201,216,343,3,4,14,75.0,0
183,216,343,3,4,14,75.0,0
168,216,343,3,4,14,75.0,0
166,216,343,3,4,14,75.0,0
162,216,343,3,4,14,75.0,0
146,216,343,3,4,14,75.0,0
82,216,343,3,4,14,75.0,0
106,216,343,3,4,14,75.0,0
99,216,343,3,4,14,75.0,0
86,216,343,3,4,14,75.0,0
192,108,332,3,4,5,155.0,0
71,134,332,3,4,5,130.0,0
216,414,328,3,4,9,185.0,0
23,414,328,3,4,9,185.0,0
21,414,328,3,4,9,185.0,0
175,380,343,3,4,12,90.0,0
50,380,343,3,4,12,90.0,0
23,380,343,3,4,12,90.0,0
17,380,343,3,4,12,90.0,0
97,380,189,3,4,12,250.0,0
30,414,185,3,4,10,175.0,0
86,221,330,3,4,12,70.0,0
177,221,330,3,4,12,70.0,0
146,221,330,3,4,12,70.0,0
66,73,294,3,4,10,160.0,0
67,73,294,3,4,10,160.0,0
203,347,387,3,4,13,130.0,0
67,347,387,3,4,13,130.0,0
19,347,387,3,4,13,130.0,0
181,347,387,3,4,13,130.0,0
203,347,60,3,4,13,180.0,0
67,347,60,3,4,13,180.0,0
19,347,60,3,4,13,180.0,0
61,406,95,3,4,10,80.0,0
182,376,120,3,4,12,160.0,0
68,38,152,3,4,14,155.0,0
116,79,147,3,4,12,115.0,0
182,371,129,3,4,11,285.0,0
182,371,317,3,4,11,155.0,0
182,368,93,3,4,12,190.0,0
66,368,93,3,4,12,190.0,0
181,368,93,3,4,12,190.0,0
68,368,93,3,4,12,190.0,0
19,368,93,3,4,12,190.0,0
222,368,93,3,4,12,190.0,0
222,227,93,3,4,13,125.0,0
208,405,255,3,4,6,80.0,0
167,41,344,3,4,12,110.0,0
167,11,344,3,4,13,80.0,0
68,73,344,3,4,1,770.0,0
167,403,137,3,4,14,120.0,0
37,403,225,3,4,14,95.0,0
65,403,225,3,4,14,95.0,0
111,403,225,3,4,14,95.0,0
23,403,225,3,4,14,95.0,0
83,403,225,3,4,14,95.0,0
183,403,225,3,4,14,95.0,0
167,36,208,3,4,13,35.0,0
66,243,28,3,4,12,155.0,0
69,73,318,3,4,9,170.0,0
182,73,318,3,4,9,170.0,0
167,61,140,3,4,13,110.0,0
19,73,250,3,4,11,145.0,0
66,298,60,3,4,13,145.0,0
181,298,60,3,4,13,145.0,0
182,298,60,3,4,13,145.0,0
68,298,60,3,4,13,145.0,0
222,298,60,3,4,13,145.0,0
179,298,387,3,4,13,130.0,0
222,298,60,3,4,13,145.0,1
67,298,60,3,4,13,145.0,1
182,298,60,3,4,13,145.0,1
181,298,189,3,4,13,175.0,0
203,298,189,3,4,13,175.0,0
157,319,61,3,4,11,160.0,0
179,37,204,3,4,13,150.0,1
66,38,204,3,4,12,140.0,1
181,347,204,3,4,13,100.0,0
2,25,331,3,4,8,73.0,0
182,162,122,3,4,11,175.0,0
167,53,87,3,4,14,90.0,0
183,53,2,3,4,15,145.0,0
68,53,2,3,4,15,145.0,0
179,37,320,3,4,12,215.0,0
181,37,129,3,4,12,120.0,0
179,37,129,3,4,12,120.0,0
23,37,129,3,4,12,120.0,0
116,407,125,3,4,9,250.0,1
116,318,125,3,4,11,95.0,0
116,17,125,3,4,12,80.0,0
216,380,283,3,4,13,55.0,1
50,380,283,3,4,13,55.0,1
23,380,283,3,4,13,55.0,1
20,380,283,3,4,13,55.0,1
155,401,283,3,4,12,90.0,0
214,401,283,3,4,12,90.0,0
213,401,283,3,4,10,95.0,0
68,73,28,3,4,14,165.0,0
66,73,28,3,4,9,165.0,0
216,380,138,3,4,13,240.0,0
17,380,138,3,4,13,240.0,0
101,369,138,3,4,11,170.0,0
101,162,138,3,4,12,155.0,0
19,80,138,3,4,12,150.0,0
59,401,138,3,4,10,250.0,0
99,401,138,3,4,10,230.0,0
86,38,189,3,4,12,195.0,0
222,38,189,3,4,12,195.0,0
69,38,189,3,4,12,195.0,0
182,38,189,3,4,12,195.0,0
182,38,189,3,4,12,210.0,0
222,73,126,3,4,9,160.0,0
101,73,126,3,4,9,160.0,0
203,73,126,3,4,9,160.0,0
68,73,126,3,4,9,160.0,0
67,73,126,3,4,9,160.0,0
182,73,126,3,4,9,160.0,0
64,73,126,3,4,9,160.0,0
16,311,343,3,4,12,120.0,0
50,311,343,3,4,12,120.0,0
82,311,343,3,4,12,120.0,0
167,283,37,3,4,13,105.0,0
167,53,44,3,4,14,150.0,0
227,53,44,3,4,12,160.0,1
197,163,218,3,4,4,150.0,0
50,401,27,3,4,10,345.0,0
206,401,211,3,4,9,130.0,0
201,401,211,3,4,9,130.0,0
213,401,55,3,4,9,85.0,0
167,58,37,3,4,13,55.0,0
181,376,50,3,4,12,115.0,0
181,69,318,3,4,13,120.0,0
68,69,318,3,4,13,120.0,0
222,69,318,3,4,13,120.0,0
140,69,204,3,4,13,100.0,0
67,69,204,3,4,13,100.0,0
181,69,324,3,4,13,115.0,0
127,69,189,3,4,12,120.0,0
67,69,189,3,4,12,120.0,0
39,69,318,3,4,12,125.0,0
123,79,251,3,4,12,100.0,0
167,424,44,3,4,13,60.0,0
37,403,225,3,4,13,95.0,0
65,403,225,3,4,13,95.0,0
111,403,225,3,4,13,95.0,0
23,403,225,3,4,13,95.0,0
83,403,225,3,4,13,95.0,0
167,130,344,3,4,13,70.0,0
116,137,125,3,4,11,105.0,0
193,25,258,3,4,6,69.0,0
75,159,97,3,4,4,65.0,0
71,134,332,3,4,12,130.0,0
67,73,318,3,4,8,160.0,0
66,73,318,3,4,8,160.0,0
222,73,318,3,4,8,160.0,0
127,73,318,3,4,8,160.0,0
64,73,318,3,4,8,160.0,0
68,73,318,3,4,8,160.0,0
179,369,320,3,4,11,155.0,0
127,369,320,3,4,11,155.0,0
19,369,320,3,4,11,155.0,0
20,369,386,3,4,11,120.0,0
86,369,386,3,4,11,120.0,0
128,369,386,3,4,11,120.0,0
127,369,386,3,4,11,120.0,0
222,369,386,3,4,11,120.0,0
181,369,324,3,4,11,195.0,0
179,369,324,3,4,11,195.0,0
23,369,324,3,4,11,195.0,0
194,369,324,3,4,11,195.0,0
127,369,324,3,4,11,195.0,0
214,369,261,3,4,11,160.0,0
180,369,138,3,4,11,175.0,0
222,369,314,3,4,11,190.0,0
66,369,314,3,4,11,190.0,0
180,369,314,3,4,11,190.0,0
181,369,386,3,4,11,115.0,0
203,369,386,3,4,11,115.0,0
67,369,386,3,4,11,115.0,0
19,369,386,3,4,11,115.0,0
181,80,27,3,4,11,150.0,0
179,80,27,3,4,11,150.0,0
17,80,27,3,4,11,150.0,0
182,80,320,3,4,11,130.0,0
89,80,318,3,4,11,155.0,0
201,121,146,3,4,7,270.0,0
158,121,146,3,4,7,270.0,0
210,121,146,3,4,7,270.0,0
111,121,146,3,4,7,270.0,0
182,73,102,3,4,11,155.0,0
66,73,102,3,4,11,155.0,0
67,73,102,3,4,11,155.0,0
68,138,50,3,4,14,105.0,1
102,138,50,3,4,14,105.0,1
182,138,50,3,4,14,105.0,1
67,138,50,3,4,14,105.0,1
102,138,28,3,4,14,175.0,0
182,138,28,3,4,14,175.0,0
66,138,28,3,4,14,175.0,0
67,138,28,3,4,14,175.0,0
208,71,375,3,4,6,97.0,0
1,387,22,3,4,12,50.0,0
149,121,106,3,4,8,90.0,0
108,121,106,3,4,8,90.0,0
54,121,106,3,4,8,90.0,0
145,198,188,3,4,6,75.0,0
67,193,49,3,4,12,125.0,0
222,193,49,3,4,12,125.0,0
203,68,151,3,4,14,135.0,0
67,68,151,3,4,14,135.0,0
19,68,151,3,4,14,135.0,0
181,68,151,3,4,14,135.0,0
222,68,250,3,4,14,160.0,0
222,164,392,3,4,14,180.0,0
102,164,392,3,4,14,180.0,0
222,164,392,3,4,14,185.0,0
102,164,392,3,4,14,185.0,0
67,80,392,3,4,14,105.0,0
222,80,392,3,4,14,105.0,0
127,80,392,3,4,14,105.0,0
64,80,392,3,4,14,105.0,0
68,80,392,3,4,14,105.0,0
222,460,318,3,4,13,175.0,0
101,460,318,3,4,13,175.0,0
203,460,318,3,4,13,175.0,0
68,460,318,3,4,13,175.0,0
67,460,318,3,4,13,175.0,0
66,460,318,3,4,13,175.0,0
182,460,318,3,4,13,175.0,0
64,460,318,3,4,13,175.0,0
181,460,60,3,4,13,120.0,0
182,463,126,3,4,13,105.0,0
182,463,189,3,4,12,165.0,0
193,85,335,3,4,4,85.0,0
30,378,330,3,4,9,130.0,0
52,384,278,3,4,10,210.0,0
49,384,275,3,4,9,70.0,0
208,48,57,3,4,5,45.0,0
208,449,255,3,4,6,119.0,0
193,85,331,3,4,4,280.0,0
160,356,331,3,4,6,83.0,0
208,8,57,3,4,6,107.0,0
94,12,366,3,4,9,95.0,0
166,27,344,3,4,17,110.0,0
216,27,37,3,4,16,115.0,0
206,27,37,3,4,16,115.0,0
183,27,37,3,4,16,115.0,0
86,27,37,3,4,16,115.0,0
19,27,37,3,4,16,115.0,0
78,27,37,3,4,16,115.0,0
27,27,344,3,4,16,105.0,1
66,27,344,3,4,16,105.0,1
116,27,344,3,4,16,105.0,1
222,227,66,3,4,12,175.0,0
125,227,66,3,4,12,175.0,0
71,135,97,3,4,11,55.0,0
181,73,120,3,4,9,140.0,0
222,73,317,3,4,9,155.0,0
222,368,189,3,4,12,185.0,1
182,368,189,3,4,12,185.0,1
102,368,386,3,4,12,105.0,0
66,368,386,3,4,12,105.0,0
127,368,386,3,4,12,105.0,0
67,368,386,3,4,12,105.0,0
68,368,386,3,4,12,105.0,0
182,368,386,3,4,12,105.0,0
222,368,27,3,4,12,135.0,0
182,368,27,3,4,12,135.0,0
182,368,120,3,4,11,140.0,0
181,368,60,3,4,11,175.0,0
179,368,60,3,4,11,175.0,0
181,368,27,3,4,11,135.0,0
179,368,27,3,4,11,135.0,0
182,368,28,3,4,11,125.0,0
222,368,28,3,4,11,125.0,0
69,368,28,3,4,11,125.0,0
68,368,28,3,4,11,125.0,0
127,368,386,3,4,11,105.0,0
16,412,261,3,4,12,130.0,0
65,412,261,3,4,12,130.0,0
16,412,343,3,4,11,100.0,0
50,412,343,3,4,11,100.0,0
82,412,343,3,4,11,100.0,0
127,164,317,3,4,13,180.0,0
222,164,317,3,4,13,180.0,0
66,164,60,3,4,13,250.0,0
61,133,216,3,4,10,100.0,0
18,440,314,3,4,9,130.0,1
83,216,343,3,4,14,75.0,0
59,216,343,3,4,14,75.0,0
65,216,343,3,4,14,75.0,0
78,216,343,3,4,14,75.0,0
89,216,343,3,4,14,75.0,0
127,366,318,3,4,14,60.0,1
167,63,225,3,4,14,75.0,0
167,63,225,3,4,12,80.0,0
182,156,250,3,4,14,145.0,0
102,156,126,3,4,13,125.0,1
66,156,126,3,4,13,125.0,1
127,156,126,3,4,13,125.0,1
216,380,330,3,4,12,50.0,0
208,380,330,3,4,12,50.0,0
175,380,330,3,4,12,50.0,0
97,380,330,3,4,12,50.0,0
21,380,330,3,4,12,50.0,0
190,442,237,3,4,0,107.0,0
208,96,57,3,4,5,75.0,0
52,399,185,3,4,9,130.0,0
30,221,326,3,4,10,50.0,0
116,161,159,3,4,12,115.0,0
116,161,101,3,4,11,115.0,0
94,24,13,3,4,9,115.0,0
222,370,196,3,4,12,140.0,0
101,370,196,3,4,12,140.0,0
203,370,196,3,4,12,140.0,0
68,370,196,3,4,12,140.0,0
67,370,196,3,4,12,140.0,0
182,370,196,3,4,12,140.0,0
116,170,205,3,4,10,80.0,0
